index,card_name,p_20250201,p_20250202,p_20250203
130/100,ナンジャモのハラバリーex,17800,17800,12800
131/100,Nのゾロアークex(通常版:縞模様あり),8980,8980,6980
131/100,Nのゾロアークex(エラー版:縞模様なし),69800,69800,69800
132/100,スパイクエネルギー,980,980,980
233/187,テツノイサハex,680,680,680
234/187,オーガポンみどりのめんex,780,780,780
235/187,ウネルミナモex,780,780,780
236/187,ピカチュウex,6980,6980,6980
237/187,テラパゴスex,1280,1280,1280
136/106,ピカチュウex,7980,7980,7980
137/106,夜のタンカ,4480,4480,4480
138/106,グラビティーマウンテン,980,980,980
092/064,アローラナッシーex,780,780,780
093/064,カウンターゲイン,980,980,980
094/064,ジェットエネルギー,1280,1280,1280
133/102,テラパゴスex,1480,1480,1480
134/102,勇気のおまもり,1480,1480,1480
135/102,ゼロの大空洞,2980,2980,2980
092/064,モモワロウex,780,780,780
093/064,大地の器,5980,5980,5980
094/064,力の砂時計,780,780,780
131/101,オーガポンみどりのめんex,1480,1480,1480
132/101,改造ハンマー,680,680,680
133/101,なかよしポフィン,4480,4480,4480
094/066,ガチグマアカツキex,1280,1280,980
095/066,緊急ボード,1480,1480,1480
096/066,ルミナスエネルギー,1280,1280,1280
098/071,ウガツホムラex,1280,1280,1280
099/071,ウネルミナモex,780,780,780
100/071,タケルライコex,2480,2480,2480
098/071,テツノイサハex,680,680,680
099/071,テツノカシラex,500,500,500
100/071,テツノイワオex,680,680,680
355/190,チオンジェンex,500,500,500
356/190,イーユイex,500,500,500
357/190,パオジアンex,780,780,780
358/190,ミライドンex,780,780,780
359/190,ディンルーex,500,500,500
360/190,コライドンex,580,580,580
093/066,トドロクツキex,980,980,980
094/066,ゴージャスマント,580,580,980
095/066,基本悪エネルギー,2480,2480,2480
093/066,テツノブジンex,680,680,680
094/066,カウンターキャッチャー,4480,4480,4480
095/066,基本鋼エネルギー,1780,1780,1780
090/062,ガブリアスex,1480,1480,1480
091/062,ビーチコート,680,680,680
092/062,リバーサルエネルギー,1780,1780,1780
139/108,リザードンex,4980,4980,4980
140/108,ボウルタウン,980,980,980
141/108,基本炎エネルギー,1980,1980,1980
208/165,ミュウex,1980,1980,1980
209/165,ポケモンいれかえ,1480,1480,1480
210/165,基本超エネルギー,1280,1280,1280
097/071,パオジアンex,980,980,980
098/071,すごいつりざお,5980,5980,5980
099/071,基本水エネルギー,2480,2480,2480
097/071,ディンルーex,500,500,500
098/071,スーパーエネルギー回収,1780,1780,1780
099/071,基本草エネルギー,1480,1480,1480
101/073,マスカーニャex,1480,1480,1480
102/073,ラウドボーンex,780,780,780
103/073,ウェーニバルex,500,500,500
106/078,コライドンex,780,780,780
107/078,ネストボール,7980,7980,7980
108/078,基本闘エネルギー,1280,1280,1280
106/078,ミライドンex,1480,1480,1480
107/078,ふしぎなアメ,3980,3980,3980
108/078,基本雷エネルギー,1780,1780,1780
259/172,オリジンパルキアVSTAR,5980,5980,5980
260/172,オリジンディアルガVSTAR,5980,5980,5980
261/172,ギラティナVSTAR,14800,14800,14800
262/172,アルセウスVSTAR,7980,7980,7980
123/098,ルギアVSTAR,2980,2980,2980
124/098,葉隠れポンチョ,500,500,500
125/098,大口の沼,500,500,500
092/068,ジャローダVSTAR,580,580,580
093/068,エネルギーつけかえ,1980,1980,1980
094/068,Vガードエネルギー,500,500,500
125/100,ギラティナVSTAR,2980,2980,2980
126/100,ロストスイーパー,780,780,780
127/100,崩れたスタジアム,980,980,980
091/071,ミュウツーVSTAR,1980,1980,1980
092/071,ふかそうち,500,500,500
093/071,ルアーモジュール,500,500,500
097/071,ヒスイゾロアークVSTAR,980,980,980
098/071,ダークパッチ,980,980,980
099/071,災いの箱,500,500,500
086/067,オリジンディアルガVSTAR,1780,1780,1780
087/067,トレッキングシューズ,1280,1280,1280
088/067,頂への雪道,1480,1480,1480
086/067,オリジンパルキアVSTAR,1780,1780,1780
087/067,シンオウ神殿,1280,1280,1280
088/067,ダブルターボエネルギー,1280,1280,1280
091/067,ヒスイダイケンキVSTAR,780,780,780
092/067,こだわりベルト,500,500,500
093/067,コトブキムラ,580,580,580
125/100,アルセウスVSTAR,1980,1980,1980
126/100,ハイパーボール,8980,8980,8980
127/100,マグマの滝壺,580,580,580
278/184,はくばバドレックスVMAX,680,680,680
279/184,ピカチュウVMAX,5980,5980,5980
280/184,ミュウVMAX,3480,3480,3480
281/184,こくばバドレックスVMAX,780,780,780
282/184,いちげきウーラオスVMAX,980,980,980
283/184,れんげきウーラオスVMAX,980,980,980
284/184,レックウザVMAX,1980,1980,1980
285/184,ジュラルドンVMAX,680,680,680
030/028,ミュウ,12800,12800,12800
125/100,モココ,980,980,980
126/100,パワータブレット,680,680,680
127/100,トレーニングコート,780,780,780
128/100,基本草エネルギー,2480,2480,2480
129/100,基本炎エネルギー,3480,3480,3480
087/067,クレセリア,1480,1480,1480
088/067,フルフェイスガード,780,780,780
089/067,結晶の洞窟,980,980,980
090/067,基本鋼エネルギー,2480,2480,2480
087/067,ユキメノコ,1480,1480,1480
088/067,トイキャッチャー,780,780,780
089/067,嵐の山脈,680,680,680
090/067,基本雷エネルギー,3480,3480,3480
098/069,インテレオン,680,680,680
099/069,ぐんぐんシェイク,500,500,500
100/069,ターフスタジアム,500,500,500
101/069,基本悪エネルギー,2480,2480,2480
092/070,ドータクン,680,680,680
093/070,おむかえちょうちん,680,680,680
094/070,いかついメット,780,780,780
095/070,基本水エネルギー,4980,4980,4980
092/070,マルマイン,1280,1280,1280
093/070,霧の水晶,980,980,980
094/070,やまびこホーン,780,780,780
095/070,基本超エネルギー,3480,3480,3480
093/070,カビゴン,6980,6980,6980
094/070,うねりの扇,680,680,680
095/070,活力の壺,780,780,780
096/070,基本闘エネルギー,2980,2980,2980
089/070,ヘルガー,2480,2480,2480
090/070,学習装置,1980,1980,1980
091/070,いちげきエネルギー,680,680,680
089/070,オクタン,980,980,980
090/070,レベルボール,3480,3480,3480
091/070,れんげきエネルギー,980,980,980
327/190,ムゲンダイナV,680,680,680
328/190,ムゲンダイナVMAX,780,780,780
329/190,ザシアンV,780,780,780
330/190,ザマゼンタV,780,780,780
119/100,ガラルタチフサグマ,980,980,980
120/100,望遠スコープ,780,780,780
121/100,メモリーカプセル,780,780,780
092/076,ヤレユータン,1280,1280,1280
093/076,英雄のメダル,980,980,980
094/076,タフネスマント,780,780,780
117/100,セキタンザン,980,980,980
118/100,ターボパッチ,980,980,980
119/100,キャプチャーエネルギー,1480,1480,1480
084/070,ゴリランダー,1980,1980,1980
085/070,妖しいカンヅメ,1280,1280,1280
086/070,ビッグパラソル,1780,1780,1780
113/096,ガラルニャイキング,1980,1980,1980
114/096,回収ネット,1480,1480,1480
115/096,ツールスクラッパー,780,780,780
084/070,モスノウ,1980,1980,1980
085/070,大きなおまもり,1780,1780,1780
086/070,ツインエネルギー,1280,1280,1280
073/060,ザシアンV,3980,3980,3980
074/060,ふつうのつりざお,1480,1480,1480
075/060,ふうせん,1280,1280,1280
073/060,ザマゼンタV,980,980,980
074/060,クイックボール,7980,7980,7980
075/060,メタルソーサー,980,980,980
220/173,レシラム＆リザードンGX,24800,24800,24800
221/173,ピカチュウ＆ゼクロムGX,19800,19800,19800
222/173,ミュウツー＆ミュウGX,17800,17800,17800
223/173,ゲッコウガ＆ゾロアークGX,4980,4980,4980
224/173,ルカリオ＆メルメタルGX,3980,3980,3980
225/173,ガブリアス＆ギラティナGX,7980,7980,7980
226/173,ファイヤー＆サンダー＆フリーザーGX,7980,7980,7980
115/095,タッグコール,1280,1280,1280
116/095,しまめぐりのあかし,500,500,500
117/095,巨大なカマド,500,500,500
073/049,スイレンのつりざお,1280,1280,1280
074/049,リーリエのピッピ人形,3980,3980,3980
075/049,無人発電所,500,500,500
078/064,グレートキャッチャー,780,780,780
079/064,格闘道場,680,680,680
080/064,ドローエネルギー,980,980,980
113/094,プレシャスボール,1480,1480,1480
114/094,ジャイアントボム,680,680,680
115/094,ウィークガードエネルギー,680,680,680
067/054,Uターンボード,1280,1280,1280
068/054,トキワの森,1980,1980,1980
069/054,リサイクルエネルギー,680,680,680
067/054,タッグスイッチ,500,500,500
068/054,リセットスタンプ,980,980,980
069/054,くろおび,500,500,500
114/095,炎の結晶,980,980,980
115/095,戒めの祠,780,780,780
116/095,トリプル加速エネルギー,780,780,780
067/054,ビーストブリンガー,500,500,500
068/054,メタルコアバリア,500,500,500
069/054,テンガン山,980,980,980
068/055,電磁レーダー,500,500,500
069/055,ポケギア3.0,9980,9980,9980
070/055,エーテルパラダイス保護区,980,980,980
116/095,ポケモン通信,4980,4980,4980
117/095,ジャッジマンホイッスル,500,500,500
118/095,せせらぎの丘,980,980,980
244/150,カプ・ブルルGX,1280,1280,1280
245/150,カプ・レヒレGX,1980,1980,1980
246/150,カプ・コケコGX,1280,1280,1280
247/150,カプ・テテフGX,3980,3980,3980
248/150,ルナアーラGX,3480,3480,3480
249/150,ソルガレオGX,2980,2980,2980
250/150,ウルトラネクロズマGX,3480,3480,3480
063/052,エレキチャージャー,980,980,980
064/052,デンジャラスドリル,780,780,780
065/052,メタルゴーグル,680,680,680
109/095,あとだしハンマー,780,780,780
110/095,ロストミキサー,680,680,680
111/095,こだわりメット,680,680,680
061/050,ネットボール,6980,6980,6980
062/050,ぼうけんのカバン,1480,1480,1480
063/050,のろいのおふだ,980,980,980
071/060,エレキパワー,3480,3480,3480
072/060,カスタムキャッチャー,1280,1280,1280
073/060,カウンターゲイン,4980,4980,4980
110/096,ダートじてんしゃ,1780,1780,1780
111/096,レインボーブラシ,980,980,980
112/096,ハッスルベルト,780,780,780
084/066,ふっかつそう,1280,1280,1280
085/066,ポケナビ,2480,2480,2480
086/066,レインボーエネルギー,7980,7980,7980
064/053,いれかえフロート,1980,1980,1980
065/053,火打石,2480,2480,2480
066/053,竜の鉤爪,980,980,980
108/094,エネポーター(通常版:表面加工あり),980,980,980
108/094,エネポーター(エラー版:表面加工なし),980,980,980
109/094,ミステリートレジャー(通常版:表面加工あり),9980,9980,9980
109/094,ミステリートレジャー(エラー版:表面加工なし),9980,9980,9980
110/094,ユニットエネルギー闘悪妖(通常版:表面加工あり),1480,1480,1480
110/094,ユニットエネルギー闘悪妖(エラー版:表面加工なし),1480,1480,1480
061/050,エネルギーリサイクル,7980,7980,7980
062/050,ビーストリング,2980,2980,2980
063/050,鋼鉄のフライパン,2480,2480,2480
076/066,のぞきみレッドカード,980,980,980
077/066,ミッシングクローバー,1780,1780,1780
078/066,ユニットエネルギー草炎水,2480,2480,2480
076/066,クラッシュハンマー,6980,6980,6980
077/066,エスケープボード,1780,1780,1780
078/066,ユニットエネルギー雷超鋼,1980,1980,1980
124/114,ルナアーラGX,6980,6980,6980
125/114,ソルガレオGX,6980,6980,6980
060/050,カウンターキャッチャー,19800,19800,19800
061/050,ワープエネルギー,1780,1780,1780
062/050,基本鋼エネルギー,4980,4980,4980
060/050,ねがいのバトン,2480,2480,2480
061/050,カウンターエネルギー,5980,5980,5980
062/050,基本水エネルギー,19800,19800,19800
062/051,あなぬけのヒモ,17800,17800,17800
063/051,ムキムキダンベル,1780,1780,1780
064/051,基本炎エネルギー,24800,24800,24800
062/051,スーパーポケモン回収,2980,2980,2980
063/051,レスキュータンカ,9980,9980,9980
064/051,基本フェアリーエネルギー,8980,8980,8980
064/049,こだわりハチマキ,3480,3480,3480
065/049,マルチつけかえ,2480,2480,2480
066/049,基本悪エネルギー,17800,17800,17800
060/050,フィールドブロアー,19800,19800,19800
061/050,まんたんのくすり,2980,2980,2980
062/050,基本雷エネルギー,7980,7980,7980
060/050,アクアパッチ,4980,4980,4980
061/050,改造ハンマー,6980,6980,6980
062/050,基本闘エネルギー,6980,6980,6980
066/051,ふしぎなアメ,29800,29800,29800
067/051,ダブル無色エネルギー,29800,29800,29800
068/051,基本草エネルギー,7980,7980,7980
071/060,ハイパーボール,29800,29800,29800
072/060,ロトム図鑑,8980,8980,8980
073/060,基本鋼エネルギー,7980,7980,7980
071/060,ネストボール,24800,24800,24800
072/060,ポケモンいれかえ,14800,14800,14800
073/060,基本超エネルギー,14800,14800,14800
059/054,ボルケニオンEX,9980,9980,9980
059/054,サーナイトEX,29800,29800,29800
088/078,フーディンEX,29800,29800,29800
089/080,ギャラドスEX,24800,24800,24800
065/059,ミュウツーEX,24800,24800,24800
065/059,ミュウツーEX,24800,24800,24800
093/081,ゲンシカイオーガEX,14800,14800,14800
094/081,ゲンシグラードンEX,14800,14800,14800
095/081,MレックウザEX,24800,24800,24800
096/081,エネルギー回収,14800,14800,14800
097/081,トレーナーズポスト,12800,12800,12800
090/078,エネルギーつけかえ,12800,12800,12800
091/078,バトルサーチャー,24800,24800,24800
079/070,ポケモンいれかえ,17800,17800,17800
080/070,じゃくてんほけん,6980,6980,6980
079/070,改造ハンマー,9980,9980,9980
080/070,ダイブボール,12800,12800,12800
096/088,MライボルトEX,5980,5980,5980
097/088,MゲンガーEX,19800,19800,19800
104/096,MヘラクロスEX,3980,3980,3980
105/096,MルカリオEX,12800,12800,12800
088/080,MリザードンEX,49800,49800,49800
089/080,MリザードンEX,49800,49800,49800
090/080,MガルーラEX,9980,9980,9980
083/076,タマタマ,49800,49800,49800
084/076,ビリジオン,19800,19800,19800
085/076,ヨノワール,17800,17800,17800
086/076,ふしぎなアメ,34800,34800,34800
056/051,エンペルト,34800,34800,34800
057/051,シンボラー,19800,19800,19800
058/051,ハイパーボール,69800,69800,69800
056/051,ダストダス,24800,24800,24800
057/051,ガブリアス,39800,39800,39800
058/051,まんたんのくすり,7980,7980,7980
077/070,リザードン,148000,148000,148000
078/070,カメックス,34800,34800,34800
079/070,ランダムレシーバー,9980,9980,9980
064/059,ゴルーグ,14800,14800,14800
065/059,ゴツゴツメット,5980,5980,5980
064/059,テラキオン,17800,17800,17800
065/059,チルタリス,17800,17800,17800
054/050,ランクルス,14800,14800,14800
055/050,レックウザ,79800,79800,79800
054/050,ジャローダ,19800,19800,19800
055/050,ワルビアル,17800,17800,17800
074/069,サーナイト,69800,69800,69800
075/069,アーケオス,17800,17800,17800
076/069,ポケモンキャッチャー,9980,9980,9980
056/052,ゾロアーク,24800,24800,24800
057/052,サザンドラ,19800,19800,19800
056/052,エンブオー,14800,14800,14800
057/052,シャンデラ,19800,19800,19800
072/066,ニャース,17800,17800,17800
056/053,ピカチュウ,39800,39800,39800
115/098,レジエレキVMAX,500,500,500
116/098,アンノーンVSTAR,780,780,780
117/098,レジドラゴVSTAR,980,980,980
118/098,ルギアVSTAR,2980,2980,2980
119/098,さぎょういん,580,580,580
120/098,ジンダイ,500,500,500
121/098,スズナ,980,980,980
122/098,ワタル,680,680,680
086/068,ジャローダVSTAR,580,580,580
087/068,アローラロコンVSTAR,1280,1280,1280
088/068,クチートVSTAR,500,500,500
089/068,セレナ,1980,1980,1980
090/068,ふりそで,980,980,980
091/068,ミクリ,420,420,420
117/100,キュレムVMAX,680,680,680
118/100,プテラVSTAR,1280,1280,1280
119/100,ドラピオンVSTAR,500,500,500
120/100,ギラティナVSTAR,2480,2480,2480
121/100,アクロマの実験,500,500,500
122/100,おじょうさま,1280,1280,1280
123/100,ネジキ,680,680,680
124/100,メリッサ,500,500,500
084/071,ミュウツーVSTAR,2480,2480,2480
085/071,メルメタルVMAX,500,500,500
086/071,カイリューVSTAR,1780,1780,1780
087/071,キャンデラ,680,680,680
088/071,スパーク,500,500,500
089/071,博士の研究[ウィロー博士],580,580,580
090/071,ブランシェ,500,500,500
090/071,ジバコイルVSTAR,500,500,500
091/071,ヒスイヌメルゴンVSTAR,980,980,980
092/071,ヒスイゾロアークVSTAR,780,780,780
093/071,ウォロ,500,500,500
094/071,ススキ,500,500,500
095/071,ヒナツ,980,980,980
096/071,野盗三姉妹,680,680,680
080/067,ヒスイドレディアVSTAR,680,680,680
081/067,カイリキーVMAX,980,980,980
082/067,オリジンディアルガVSTAR,1480,1480,1480
083/067,セキ,500,500,500
084/067,ナタネの活気,1480,1480,1480
085/067,ペリーラ,500,500,500
080/067,ヒードランVMAX,680,680,680
081/067,オリジンパルキアVSTAR,980,980,980
082/067,バサギリVSTAR,500,500,500
083/067,カイ,2980,2980,2980
084/067,ザクロ,500,500,500
085/067,タイサイ,500,500,500
085/067,ヒスイバクフーンVSTAR,1280,1280,1280
086/067,ヒスイジュナイパーVSTAR,580,580,580
087/067,ヒスイダイケンキVSTAR,580,580,580
088/067,シマボシ,500,500,500
089/067,ツツジ,980,980,980
090/067,デンボク,500,500,500
117/100,シェイミVSTAR,680,680,680
118/100,リザードンVSTAR,8980,8980,8980
119/100,エルフーンVSTAR,500,500,500
120/100,アルセウスVSTAR,1480,1480,1480
121/100,キャンプファイヤー,500,500,500
122/100,シロナの覇気,1280,1280,1280
123/100,チェレンの気くばり,500,500,500
124/100,ハマナのバックアップ,680,680,680
116/100,シャンデラVMAX(エラー版：目の外側の線あり),780,780,780
116/100,シャンデラVMAX(通常版：目の外側の線無し),1480,1480,1480
117/100,パルスワンVMAX,780,780,780
118/100,ミュウVMAX,5980,5980,5980
119/100,ミュウVMAX,69800,69800,69800
120/100,ヨクバリスVMAX,780,780,780
121/100,カゲツ,780,780,780
122/100,カミツレのきらめき,1280,1280,1280
123/100,ダンサー,780,780,780
124/100,ポッドとデントとコーン,780,780,780
080/067,ルガルガンVMAX,780,780,780
081/067,ダストダスVMAX,780,780,780
082/067,ジュラルドンVMAX,980,980,980
083/067,ジュラルドンVMAX,29800,29800,29800
084/067,キバナ,680,680,680
085/067,スクールガール,1280,1280,1280
086/067,モノマネむすめ,1480,1480,1480
080/067,オーロットVMAX,780,780,780
081/067,ギャラドスVMAX,1480,1480,1480
082/067,レックウザVMAX,4980,4980,4980
083/067,レックウザVMAX,298000,298000,298000
084/067,サナ,5980,5980,5980
085/067,スクールボーイ,780,780,780
086/067,ヒガナの決意,2480,2480,2480
088/069,リーフィアVMAX,2480,2480,2480
089/069,リーフィアVMAX,79800,79800,79800
090/069,グレイシアVMAX,3480,3480,3480
091/069,グレイシアVMAX,89800,89800,89800
092/069,ニンフィアVMAX,3980,3980,3980
093/069,ニンフィアVMAX,108000,108000,108000
094/069,ブラッキーVMAX,5980,5980,5980
095/069,ブラッキーVMAX,348000,348000,348000
096/069,アロマなおねえさん,980,980,980
097/069,マクワ,500,500,500
084/070,はくばバドレックスVMAX,1280,1280,1280
085/070,はくばバドレックスVMAX,49800,49800,49800
086/070,サダイジャVMAX,780,780,780
087/070,トルネロスVMAX,780,780,780
088/070,アスナ,1280,1280,1280
089/070,ドクター,980,980,980
090/070,ピオニー,780,780,780
091/070,メロン,980,980,980
084/070,セレビィVMAX,780,780,780
085/070,こくばバドレックスVMAX,1980,1980,1980
086/070,こくばバドレックスVMAX,59800,59800,59800
087/070,メタグロスVMAX,780,780,780
088/070,カトレア,4980,4980,4980
089/070,キクコ,780,780,780
090/070,シャクヤ,1480,1480,1480
091/070,ズミ,780,780,780
085/070,バシャーモVMAX,1980,1980,1980
086/070,バシャーモVMAX,59800,59800,59800
087/070,パッチラゴンVMAX,780,780,780
088/070,ガラルヤドキングVMAX,980,980,980
089/070,カリンの信念,1480,1480,1480
090/070,クララ,3480,3480,3480
091/070,セイボリー,1480,1480,1480
092/070,トウキ,680,680,680
082/070,アップリューVMAX,680,680,680
083/070,カプ・コケコVMAX,780,780,780
084/070,いちげきウーラオスVMAX,1480,1480,1480
085/070,いちげきウーラオスVMAX,34800,34800,34800
086/070,シバ,680,680,680
087/070,フヨウ,980,980,980
088/070,マスタード いちげきのかた,680,680,680
082/070,ビクティニVMAX,780,780,780
083/070,れんげきウーラオスVMAX,1780,1780,1780
084/070,れんげきウーラオスVMAX,49800,49800,49800
085/070,アーマーガアVMAX,680,680,680
086/070,コルニの気合い,1980,1980,1980
087/070,マスタード れんげきのかた,580,580,580
088/070,モミ,1980,1980,1980
112/100,イオルブVMAX,780,780,780
113/100,ガラルヒヒダルマVMAX,780,780,780
114/100,ピカチュウVMAX,34800,34800,34800
115/100,ギルガルドVMAX,780,780,780
116/100,サイトウ,2980,2980,2980
117/100,ダンデ,680,680,680
118/100,ルリナ,3480,3480,3480
086/076,マホイップVMAX,1480,1480,1480
087/076,セキタンザンVMAX,780,780,780
088/076,トゲキッスVMAX,980,980,980
089/076,おとなのおねえさん,1780,1780,1780
090/076,オニオン,1480,1480,1480
091/076,ポプラ,680,680,680
111/100,カジリガメVMAX,780,780,780
112/100,ムゲンダイナVMAX,980,980,980
113/100,ハッサムVMAX,1280,1280,1280
114/100,ボーマンダVMAX,980,980,980
115/100,ネズ,1280,1280,1280
116/100,ローズ,680,680,680
079/070,バタフリーVMAX,1480,1480,1480
080/070,マルヤクデVMAX,780,780,780
081/070,サーナイトVMAX,2980,2980,2980
082/070,カブ,980,980,980
083/070,ポケモンブリーダーの育成,1480,1480,1480
107/096,ストリンダーVMAX,980,980,980
108/096,ドラパルトVMAX,980,980,980
109/096,カラマネロVMAX,680,680,680
110/096,ダイオウドウVMAX,680,680,680
111/096,オリーヴ,1780,1780,1780
112/096,ボスの指令[サカキ],7980,7980,7980
079/070,ゴリランダーVMAX,980,980,980
080/070,エースバーンVMAX,980,980,980
081/070,インテレオンVMAX,980,980,980
082/070,ソニア,7980,7980,7980
083/070,ヤロー,680,680,680
069/060,ラプラスVMAX,980,980,980
070/060,イシヘンジンVMAX,680,680,680
071/060,博士の研究[マグノリア博士],780,780,780
072/060,ビート,680,680,680
069/060,モルペコVMAX,980,980,980
070/060,カビゴンVMAX,2980,2980,2980
071/060,エール団のしたっぱ,680,680,680
072/060,マリィ,12800,12800,12800
211/173,ヨワシGX,680,680,680
212/173,エーフィ＆デオキシスGX,5980,5980,5980
213/173,オーロット＆ヨノワールGX,1480,1480,1480
214/173,ジラーチGX,5980,5980,5980
215/173,ブラッキー＆ダークライGX,12800,12800,12800
216/173,マニューラGX,1280,1280,1280
217/173,メルメタルGX,780,780,780
218/173,トゲピー＆ピィ＆ププリンGX,5980,5980,5980
219/173,イーブイGX,14800,14800,14800
109/095,ウルガモスGX,780,780,780
110/095,オドリドリGX,780,780,780
111/095,フライゴンGX,780,780,780
112/095,アルセウス＆ディアルガ＆パルキアGX,5980,5980,5980
113/095,アーゴヨン＆アクジキングGX,1480,1480,1480
114/095,メガミミロップ＆プリンGX,2480,2480,2480
069/049,ラフレシアGX,4980,4980,4980
070/049,ソルガレオ＆ルナアーラGX,19800,19800,19800
071/049,レシラム＆ゼクロムGX,9980,9980,9980
072/049,シルヴァディGX,1280,1280,1280
074/064,フシギバナ＆ツタージャGX,3480,3480,3480
075/064,リザードン＆テールナーGX,7980,7980,7980
076/064,カメックス＆ポッチャマGX,4980,4980,4980
077/064,アローラペルシアンGX,980,980,980
107/094,ヤドン＆コダックGX,5980,5980,5980
108/094,ミュウツー＆ミュウGX,14800,14800,14800
109/094,ラティオスGX,1980,1980,1980
110/094,プテラGX,1280,1280,1280
111/094,メガヤミラミ＆バンギラスGX,2480,2480,2480
112/094,カイリューGX,3980,3980,3980
063/054,モクロー＆アローラナッシーGX,1780,1780,1780
064/054,ケルディオGX,1280,1280,1280
065/054,アーゴヨンGX,780,780,780
066/054,ファイヤー＆サンダー＆フリーザーGX,7980,7980,7980
063/054,ヒードランGX,780,780,780
064/054,ライチュウ＆アローラライチュウGX,4980,4980,4980
065/054,クチートGX,1780,1780,1780
066/054,ガブリアス＆ギラティナGX,2980,2980,2980
108/095,レシラム＆リザードンGX,14800,14800,14800
109/095,ベトベトン＆アローラベトベトンGX,1780,1780,1780
110/095,マーシャドー＆カイリキーGX,2980,2980,2980
111/095,ドンカラスGX,780,780,780
112/095,エルフーンGX,780,780,780
113/095,ペルシアンGX,980,980,980
063/054,フェローチェ＆マッシブーンGX,1480,1480,1480
064/054,カメックスGX,3980,3980,3980
065/054,ルカリオ＆メルメタルGX,2980,2980,2980
066/054,テッカグヤGX,680,680,680
064/055,モルフォンGX,680,680,680
065/055,デデンネGX,3980,3980,3980
066/055,ゲッコウガ＆ゾロアークGX,2980,2980,2980
067/055,サーナイト＆ニンフィアGX,8980,8980,8980
110/095,セレビィ＆フシギバナGX,3980,3980,3980
111/095,コイキング＆ホエルオーGX,4980,4980,4980
112/095,ピカチュウ＆ゼクロムGX,12800,12800,12800
113/095,ゲンガー＆ミミッキュGX,17800,17800,17800
114/095,ラティアス＆ラティオスGX,3980,3980,3980
115/095,イーブイ＆カビゴンGX,7980,7980,7980
059/052,デンリュウGX,1980,1980,1980
060/052,フーパGX,980,980,980
061/052,ガオガエンGX,980,980,980
062/052,コバルオンGX,980,980,980
104/095,ツボツボGX,1980,1980,1980
105/095,ズガドーンGX,780,780,780
106/095,スイクンGX,5980,5980,5980
107/095,バンギラスGX,5980,5980,5980
108/095,ルギアGX,19800,19800,19800
057/050,ジュカインGX,1480,1480,1480
058/050,シンボラーGX,780,780,780
059/050,アローラキュウコンGX,4980,4980,4980
060/050,ミミッキュGX,6980,6980,6980
067/060,ビリジオンGX,980,980,980
068/060,マグカルゴGX,980,980,980
069/060,ゼラオラGX,2480,2480,2480
070/060,ゲノセクトGX,980,980,980
105/096,ダーテングGX,980,980,980
106/096,バシャーモGX,1980,1980,1980
107/096,ツンデツンデGX,980,980,980
108/096,チルタリスGX,3480,3480,3480
109/096,レックウザGX,24800,24800,24800
078/066,フリーザーGX,12800,12800,12800
079/066,マルマインGX,4980,4980,4980
080/066,バリヤードGX,4980,4980,4980
081/066,ジュペッタGX,4980,4980,4980
082/066,ハッサムGX,8980,8980,8980
083/066,ボーマンダGX,6980,6980,6980
060/053,レシラムGX,9980,9980,9980
061/053,キングドラGX,1980,1980,1980
062/053,カイリューGX,12800,12800,12800
063/053,ホワイトキュレムGX,3980,3980,3980
103/094,ゲッコウガGX(通常版:表面加工あり),9980,9980,9980
103/094,ゲッコウガGX(エラー版:表面加工なし),9980,9980,9980
104/094,ジガルデGX(通常版:表面加工あり),1980,1980,1980
104/094,ジガルデGX(エラー版:表面加工なし),1980,1980,1980
105/094,イベルタルGX(通常版:表面加工あり),6980,6980,6980
105/094,イベルタルGX(エラー版:表面加工なし),6980,6980,6980
106/094,ゼルネアスGX(通常版:表面加工あり),2980,2980,2980
106/094,ゼルネアスGX(エラー版:表面加工なし),2980,2980,2980
107/094,ウルトラネクロズマGX(通常版:表面加工あり),2980,2980,2980
107/094,ウルトラネクロズマGX(エラー版:表面加工なし),2980,2980,2980
057/050,パルキアGX,12800,12800,12800
058/050,アーゴヨンGX,2480,2480,2480
059/050,ルカリオGX,12800,12800,12800
060/050,ディアルガGX,17800,17800,17800
073/066,リーフィアGX,14800,14800,14800
074/066,ネクロズマ たそがれのたてがみGX,1980,1980,1980
075/066,ディアルガGX,5980,5980,5980
073/066,グレイシアGX,9980,9980,9980
074/066,ネクロズマ あかつきのつばさGX,1280,1280,1280
075/066,パルキアGX,3980,3980,3980
121/114,フェローチェGX,2480,2480,2480
122/114,デンジュモクGX,1480,1480,1480
123/114,テッカグヤGX,1480,1480,1480
056/050,アローラゴローニャGX,2980,2980,2980
057/050,マッシブーンGX,3480,3480,3480
058/050,カミツルギGX,2480,2480,2480
059/050,シルヴァディGX,3980,3980,3980
056/050,ギャラドスGX,17800,17800,17800
057/050,ウツロイドGX,4980,4980,4980
058/050,アクジキングGX,3980,3980,3980
059/050,アローラナッシーGX,2480,2480,2480
078/072,エンテイGX,14800,14800,14800
079/072,ライチュウGX,29800,29800,29800
080/072,ミュウツーGX,69800,69800,69800
081/072,ゾロアークGX,17800,17800,17800
058/051,リザードンGX,298000,298000,298000
059/051,ホウオウGX,24800,24800,24800
060/051,アローラベトベトンGX,1980,1980,1980
061/051,オンバーンGX,3980,3980,3980
058/051,グソクムシャGX,1980,1980,1980
059/051,ネクロズマGX,3480,3480,3480
060/051,マーシャドーGX,2980,2980,2980
061/051,サーナイトGX,17800,17800,17800
058/049,カプ・ブルルGX,8980,8980,8980
059/049,エンニュートGX,9980,9980,9980
060/049,カプ・レヒレGX,7980,7980,7980
061/049,カイリキーGX,5980,5980,5980
062/049,ルガルガンGX,7980,7980,7980
063/049,ダークライGX,39800,39800,39800
056/050,バクガメスGX,1780,1780,1780
057/050,アローラキュウコンGX,9980,9980,9980
058/050,カプ・コケコGX,5980,5980,5980
059/050,ジャラランガGX,1980,1980,1980
056/050,ヨワシGX,1780,1780,1780
057/050,カプ・テテフGX,12800,12800,12800
058/050,ルガルガンGX,1980,1980,1980
059/050,メタグロスGX,4980,4980,4980
059/051,ジュナイパーGX,6980,6980,6980
060/051,ガオガエンGX,7980,7980,7980
061/051,アシレーヌGX,24800,24800,24800
062/051,クワガノンGX,3480,3480,3480
063/051,ドヒドイデGX,5980,5980,5980
064/051,ニンフィアGX,298000,298000,298000
065/051,ジジーロンGX,2480,2480,2480
067/060,ラプラスGX,17800,17800,17800
068/060,エーフィGX,39800,39800,39800
069/060,ソルガレオGX,7980,7980,7980
070/060,デカグースGX,1280,1280,1280
067/060,ラランテスGX,2480,2480,2480
068/060,ルナアーラGX,5980,5980,5980
069/060,ブラッキーGX,79800,79800,79800
070/060,ケンタロスGX,2480,2480,2480
113/100,ボルケニオンex,420,420,420
114/100,ナンジャモのハラバリーex,2480,2480,2480
115/100,リーリエのピッピex,6980,6980,5980
116/100,マンムーex,420,420,500
117/100,Nのゾロアークex,2480,2480,2480
118/100,ホップのザシアンex,1280,1280,1280
119/100,ボーマンダex,580,580,500
120/100,ノココッチex,420,420,420
121/100,アイリスの闘志,5980,5980,3980
122/100,怖いお兄さん,420,420,420
123/100,タケシのスカウト,680,680,680
188/187,アオキの手際,680,680,680
189/187,オルティガ,680,680,680
190/187,コルサ,580,580,580
191/187,シュウメイ,680,680,680
192/187,シュウメイ,680,680,680
193/187,タイム,580,580,580
194/187,ネリネ,500,500,500
195/187,パルデアの仲間たち,1780,1780,1780
196/187,ピーニャ,500,500,500
197/187,ビワ,1280,1280,1280
198/187,メロコ,1480,1480,1480
199/187,レホール,580,580,580
119/106,アイアントex,320,320,320
120/106,スコヴィランex,320,320,320
121/106,ミロカロスex,780,780,780
122/106,ピカチュウex,2980,2980,2980
123/106,シロデスナex,320,320,320
124/106,サザンドラex,780,780,780
125/106,シャリタツex,680,680,680
126/106,ケッキングex,320,320,320
127/106,シアノ,420,420,420
128/106,シトロンの機転,420,420,420
129/106,ミカンのまなざし,1280,1280,1280
077/064,ブラックキュレムex,500,500,500
078/064,ラティアスex,1280,1280,1280
079/064,フライゴンex,420,420,420
080/064,ブリジュラスex,1280,1280,1280
081/064,アローラナッシーex,420,420,420
082/064,モトトカゲex,320,320,320
083/064,カキツバタ,420,420,420
084/064,サーファー,420,420,420
085/064,ドラセナ,420,420,420
086/064,ルチアのアピール,3980,3980,3980
115/102,カミツオロチex,320,320,320
116/102,エースバーンex,500,500,500
117/102,ラプラスex,680,680,680
118/102,デンチュラex,420,420,420
119/102,バウッツェルex,320,320,320
120/102,チャーレムex,320,320,320
121/102,ミミズズex,320,320,320
122/102,テラパゴスex,980,980,980
123/102,アカマツ,1780,1780,1780
124/102,タロ,2480,2480,2480
125/102,ハイダイ,420,420,420
126/102,ブライア,1780,1780,1780
077/064,キングドラex,420,420,420
078/064,ブロロロームex,320,320,320
079/064,イイネイヌex,320,320,320
080/064,マシマシラex,320,320,320
081/064,キチキギスex,1980,1980,1980
082/064,モモワロウex,320,320,320
083/064,アクロマの執念,680,680,680
084/064,アンズの秘技,580,580,580
085/064,カシオペア,980,980,980
086/064,クセロシキのたくらみ,320,320,320
114/101,オーガポンみどりのめんex,980,980,980
115/101,オーガポンかまどのめんex,320,320,320
116/101,イルカマンex,320,320,320
117/101,オーガポンいどのめんex,320,320,320
118/101,レントラーex,320,320,320
119/101,オーガポンいしずえのめんex,420,420,420
120/101,ドラパルトex,1280,1280,1280
121/101,ハピナスex,680,680,680
122/101,スグリ,980,980,980
123/101,ゼイユ,1780,1780,1780
124/101,ハッサク,320,320,320
079/066,ヤバソチャex,320,320,320
080/066,マグカルゴex,320,320,320
081/066,テツノイバラex,780,780,780
082/066,サケブシッポex,320,320,320
083/066,ゲッコウガex,980,980,980
084/066,ガチグマアカツキex,500,500,500
085/066,管理人,320,320,320
086/066,ゴヨウ,320,320,320
087/066,サザレ,1280,1280,1280
088/066,スイレンのお世話,1780,1780,1780
084/071,ドダイトスex,320,320,320
085/071,ウガツホムラex,420,420,420
086/071,ウネルミナモex,320,320,320
087/071,ウミトリオex,320,320,320
088/071,ゲンガーex,1280,1280,1280
089/071,タケルライコex,1480,1480,1480
090/071,探検家の先導,500,500,500
091/071,ビワ,500,500,500
092/071,マツバの確信,420,420,420
084/071,テツノイサハex,320,320,320
085/071,ガオガエンex,320,320,320
086/071,テツノカシラex,320,320,320
087/071,テツノイワオex,320,320,320
088/071,リキキリンex,420,420,420
089/071,ハッサムex,500,500,500
090/071,暗号マニアの解読,980,980,980
091/071,セイジ,320,320,320
092/071,ベルのまごころ,1280,1280,1280
342/190,ジャッジマン,320,320,320
343/190,ネモ,420,420,420
344/190,ネルケ,320,320,320
345/190,パルデアの学生,320,320,320
346/190,パルデアの学生,320,320,320
079/066,グレンアルマex,420,420,420
080/066,アマージョex,500,500,500
081/066,グソクムシャex,420,420,420
082/066,デスカーンex,420,420,420
083/066,スナノケガワex,320,320,320
084/066,トドロクツキex,780,780,780
085/066,オーリム博士の気迫,2480,2480,2480
086/066,センリ,420,420,420
087/066,メロコ,680,680,680
079/066,テツノカイナex,780,780,780
080/066,テツノブジンex,320,320,320
081/066,ストリンダーex,420,420,420
082/066,ギルガルドex,420,420,420
083/066,チルタリスex,420,420,420
084/066,イッカネズミex,500,500,500
085/066,ヒョウタ,420,420,420
086/066,フトゥー博士のシナリオ,1280,1280,1280
087/066,リップ,680,680,680
075/062,ユキメノコex,500,500,500
076/062,ガブリアスex,680,680,680
077/062,カプ・コケコex,420,420,420
078/062,フーパex,420,420,420
079/062,サーフゴーex,780,780,780
080/062,オトシドリex,420,420,420
081/062,アオキ,680,680,680
082/062,シキミ,680,680,680
083/062,チリ,1780,1780,1780
084/062,パラソルおねえさん,1480,1480,1480
121/108,コオリッポex,420,420,420
122/108,バンギラスex,500,500,500
123/108,ビークインex,420,420,420
124/108,キラフロルex,420,420,420
125/108,リザードンex,1980,1980,1980
126/108,アブソルex,420,420,420
127/108,ブロロロームex,420,420,420
128/108,ピジョットex,780,780,780
129/108,オモダカ,500,500,500
130/108,オルティガ,500,500,500
131/108,ポピー,680,680,680
132/108,ライム,420,420,420
184/165,フシギバナex,780,780,780
185/165,リザードンex,2480,2480,2480
186/165,カメックスex,980,980,980
187/165,アーボックex,420,420,420
188/165,キュウコンex,500,500,500
189/165,プクリンex,420,420,420
190/165,フーディンex,680,680,680
191/165,ゴローニャex,420,420,420
192/165,ガルーラex,420,420,420
193/165,ルージュラex,420,420,420
194/165,サンダーex,680,680,680
195/165,ミュウex,980,980,980
196/165,エリカの招待,3480,3480,3480
197/165,サカキのカリスマ,680,680,680
198/165,ナナミの手助け,680,680,680
199/165,マサキの転送,420,420,420
084/071,チオンジェンex,420,420,420
085/071,パオジアンex,500,500,500
086/071,ヤドキングex,420,420,420
087/071,コノヨザルex,420,420,420
088/071,ダイオウドウex,420,420,320
089/071,イキリンコex,500,500,500
090/071,グルーシャ,1280,1280,1280
091/071,ピーニャ,320,320,320
084/071,フォレトスex,420,420,420
085/071,イーユイex,420,420,420
086/071,ハラバリーex,420,420,420
087/071,デカヌチャンex,420,420,420
088/071,ディンルーex,420,420,420
089/071,オンバーンex,420,420,420
090/071,サワロ,420,420,420
091/071,ナンジャモ,17800,17800,17800
086/073,マスカーニャex,500,500,500
087/073,ラウドボーンex,420,420,420
088/073,ウェーニバルex,320,320,320
089/073,デデンネex,680,680,680
090/073,ルガルガンex,420,420,420
091/073,パルデアドオーex,420,420,420
092/073,キハダ,1280,1280,1280
093/073,クラベル,420,420,420
094/073,ハヤト,500,500,500
095/073,ボスの指令[ゲーチス],1780,1780,1780
091/078,ギャラドスex,680,680,680
092/078,サーナイトex,680,680,680
093/078,イダイナキバex,420,420,420
094/078,コライドンex,500,500,500
095/078,ドクロッグex,320,320,320
096/078,パフュートンex,420,420,420
097/078,ジニア,1280,1280,1280
098/078,スター団のしたっぱ,500,500,500
099/078,博士の研究[オーリム博士],1280,1280,1280
100/078,ボタン,1980,1980,1980
091/078,ワナイダーex,420,420,420
092/078,ウインディex,420,420,420
093/078,ジバコイルex,420,420,420
094/078,ミライドンex,580,580,580
095/078,ジュペッタex,320,320,320
096/078,テツノワダチex,420,420,420
097/078,カエデ,500,500,500
098/078,博士の研究[フトゥー博士],500,500,500
099/078,ペパー,2480,2480,2480
100/078,ミモザ,3480,3480,3480
245/172,ウォロ,500,500,500
246/172,カミツレのきらめき,5980,5980,5980
247/172,シンオウの仲間たち,1480,1480,1480
248/172,博士の研究[ナナカマド博士],420,420,420
249/172,ヒスイの仲間たち,1480,1480,1480
250/172,ボスの指令[アカギ],1780,1780,1780
251/172,基本草エネルギー,320,320,320
252/172,基本炎エネルギー,420,420,420
253/172,基本水エネルギー,320,320,320
254/172,基本雷エネルギー,320,320,320
255/172,基本超エネルギー,420,420,420
256/172,基本闘エネルギー,220,220,220
257/172,基本悪エネルギー,500,500,500
258/172,基本鋼エネルギー,500,500,500
099/098,ブリガロンV,420,420,420
100/098,オムスターV,320,320,320
101/098,レジエレキV,420,420,420
102/098,アンノーンV,420,420,420
103/098,アンノーンV,1980,1980,1980
104/098,ヒスイウインディV,420,420,420
105/098,スカタンクV,420,420,420
106/098,スカタンクV,980,980,980
107/098,レジドラゴV,680,680,680
108/098,レジドラゴV,2980,2980,2980
109/098,ルギアV,1780,1780,1780
110/098,ルギアV,59800,59800,59800
111/098,さぎょういん,580,580,580
112/098,ジンダイ,420,420,420
113/098,スズナ,3480,3480,3480
114/098,ワタル,780,780,780
075/068,ジャローダV,420,420,420
076/068,レシラムV,500,500,500
077/068,アローラロコンV,500,500,500
078/068,クチートV,420,420,420
079/068,マギアナV,320,320,320
080/068,ホウオウV,980,980,980
081/068,セレナ,19800,19800,19800
082/068,ふりそで,2980,2980,2980
083/068,ミクリ,320,320,320
101/100,マフォクシーV,420,420,420
102/100,キュレムV,420,420,420
103/100,ロトムV,980,980,980
104/100,ロトムV,2980,2980,2980
105/100,プテラV,500,500,500
106/100,プテラV,9980,9980,9980
107/100,ドラピオンV,420,420,420
108/100,ガラルニャイキングV,420,420,420
109/100,ガラルニャイキングV,1280,1280,1280
110/100,ギラティナV,1780,1780,1780
111/100,ギラティナV,89800,89800,89800
112/100,ピジョットV,420,420,420
113/100,アクロマの実験,420,420,420
114/100,おじょうさま,3480,3480,3480
115/100,ネジキ,780,780,780
116/100,メリッサ,500,500,500
072/071,アローラナッシーV,420,420,420
073/071,ミュウツーV,1280,1280,1280
074/071,ミュウツーV,4980,4980,4980
075/071,ローブシンV,420,420,420
076/071,ローブシンV,500,500,500
077/071,メルメタルV,420,420,420
078/071,カイリューV,680,680,680
079/071,ケッキングV,420,420,420
080/071,キャンデラ,420,420,420
081/071,スパーク,420,420,420
082/071,博士の研究[ウィロー博士],420,420,420
083/071,ブランシェ,420,420,420
078/071,ヒスイマルマインV,420,420,420
079/071,ジバコイルV,420,420,420
080/071,ラブトロスV,420,420,420
081/071,エルレイドV,420,420,420
082/071,ヒスイヌメルゴンV,420,420,420
083/071,ヒスイゾロアークV,580,580,580
084/071,ウォロ,420,420,420
085/071,ススキ,420,420,420
086/071,ヒナツ,2980,2980,2980
087/071,野盗三姉妹,980,980,980
068/067,ヒスイドレディアV,500,500,500
069/067,ヒスイドレディアV,1780,1780,1780
070/067,レントラーV,420,420,420
071/067,ジラーチV,980,980,980
072/067,カイリキーV,580,580,580
073/067,カイリキーV,8980,8980,8980
074/067,オリジンディアルガV,980,980,980
075/067,オリジンディアルガV,6980,6980,6980
076/067,アヤシシV,420,420,420
077/067,セキ,680,680,680
078/067,ナタネの活気,3980,3980,3980
079/067,ペリーラ,420,420,420
068/067,スピアーV,420,420,420
069/067,スピアーV,2980,2980,2980
070/067,オリジンパルキアV,780,780,780
071/067,オリジンパルキアV,5980,5980,5980
072/067,ヒードランV,320,320,320
073/067,バサギリV,320,320,320
074/067,ヒスイオオニューラV,420,420,420
075/067,ヒスイオオニューラV,1480,1480,1480
076/067,ヤレユータンV,420,420,420
077/067,カイ,12800,12800,12800
078/067,ザクロ,420,420,420
079/067,タイサイ,420,420,420
074/067,ビリジオンV,420,420,420
075/067,スターミーV,500,500,500
076/067,ヒスイバクフーンV,680,680,680
077/067,ヒスイジュナイパーV,420,420,420
078/067,ヒスイダイケンキV,420,420,420
079/067,ガブリアスV,680,680,680
080/067,シマボシ,580,580,580
081/067,ツツジ,1780,1780,1780
082/067,デンボク,420,420,420
101/100,シェイミV,420,420,420
102/100,リザードンV,3480,3480,3480
103/100,リザードンV,24800,24800,24800
104/100,ネオラントV,680,680,680
105/100,ネオラントV,1980,1980,1980
106/100,ライチュウV,980,980,980
107/100,エルフーンV,420,420,420
108/100,ドンカラスV,420,420,420
109/100,ドンカラスV,780,780,780
110/100,フライゴンV,420,420,420
111/100,アルセウスV,580,580,580
112/100,アルセウスV,5980,5980,5980
113/100,キャンプファイヤー,420,420,420
114/100,シロナの覇気,1980,1980,1980
115/100,チェレンの気くばり,500,500,500
116/100,ハマナのバックアップ,780,780,780
255/184,アセロラの予感,14800,14800,14800
256/184,オニオン,1280,1280,1280
257/184,カブ,420,420,420
258/184,ガラルの仲間たち,6980,6980,6980
259/184,キバナ,500,500,500
260/184,コック,420,420,420
261/184,サイトウ,1480,1480,1480
262/184,ジャッジマン,980,980,980
263/184,ソッドとシルディ,420,420,420
264/184,ネズ,420,420,420
265/184,バーネット博士,780,780,780
266/184,博士の研究[アララギ博士],1780,1780,1780
267/184,冒険家の発見,680,680,680
268/184,ボスの指令[フラダリ],1280,1280,1280
269/184,ポプラ,420,420,420
270/184,マクワ,420,420,420
271/184,マスター,420,420,420
272/184,マスタード いちげきのかた,420,420,420
273/184,マスタード れんげきのかた,420,420,420
274/184,メロン,780,780,780
275/184,ヤロー,420,420,420
276/184,ユウリ,14800,14800,14800
277/184,ルリナ,1980,1980,1980
029/028,博士の研究[オーキド博士],500,500,500
101/100,アマージョV,680,680,680
102/100,シャンデラV,580,580,580
103/100,ケケンカニV,580,580,580
104/100,パルスワンV,680,680,680
105/100,ミュウV,1780,1780,1780
106/100,ミュウV,12800,12800,12800
107/100,フーパV,580,580,580
108/100,ゲノセクトV,680,680,680
109/100,ゲノセクトV,1980,1980,1980
110/100,ヨクバリスV,680,680,680
111/100,ヨクバリスV,1280,1280,1280
112/100,カゲツ,420,420,420
113/100,カミツレのきらめき,2480,2480,2480
114/100,ダンサー,420,420,420
115/100,ポッドとデントとコーン,420,420,420
068/067,スイクンV,780,780,780
069/067,ゴルーグV,680,680,680
070/067,ゴルーグV,2980,2980,2980
071/067,ルガルガンV,680,680,680
072/067,ダストダスV,580,580,580
073/067,オンバーンV,580,580,580
074/067,オンバーンV,4980,4980,4980
075/067,ジュラルドンV,680,680,680
076/067,ジュラルドンV,5980,5980,5980
077/067,キバナ,1280,1280,1280
078/067,スクールガール,1480,1480,1480
079/067,モノマネむすめ,1480,1480,1480
068/067,オーロットV,680,680,680
069/067,ウルガモスV,680,680,680
070/067,ギャラドスV,780,780,780
071/067,チャーレムV,780,780,780
072/067,チャーレムV,2480,2480,2480
073/067,カイリューV,1480,1480,1480
074/067,カイリューV,34800,34800,34800
075/067,レックウザV,1980,1980,1980
076/067,レックウザV,44800,44800,44800
077/067,サナ,14800,14800,14800
078/067,スクールボーイ,420,420,420
079/067,ヒガナの決意,6980,6980,6980
070/069,リーフィアV,1780,1780,1780
071/069,リーフィアV,24800,24800,24800
072/069,ブースターV,1980,1980,1980
073/069,ブースターV,24800,24800,24800
074/069,シャワーズV,1980,1980,1980
075/069,シャワーズV,24800,24800,24800
076/069,グレイシアV,1980,1980,1980
077/069,グレイシアV,24800,24800,24800
078/069,サンダースV,1980,1980,1980
079/069,サンダースV,24800,24800,24800
080/069,エーフィV,1780,1780,1780
081/069,エーフィV,24800,24800,24800
082/069,ニンフィアV,2480,2480,2480
083/069,ニンフィアV,24800,24800,24800
084/069,ブラッキーV,4980,4980,4980
085/069,ブラッキーV,39800,39800,39800
086/069,アロマなおねえさん,1980,1980,1980
087/069,マクワ,420,420,420
071/070,ボルケニオンV,680,680,680
072/070,はくばバドレックスV,780,780,780
073/070,はくばバドレックスV,2980,2980,2980
074/070,ガラルギャロップV,680,680,680
075/070,ガラルギャロップV,4980,4980,4980
076/070,サダイジャV,680,680,680
077/070,レパルダスV,680,680,680
078/070,トルネロスV,680,680,680
079/070,トルネロスV,2980,2980,2980
080/070,アスナ,2980,2980,2980
081/070,ドクター,500,500,500
082/070,ピオニー,500,500,500
083/070,メロン,1280,1280,1280
071/070,セレビィV,680,680,680
072/070,ウオチルドンV,680,680,680
073/070,ゼラオラV,680,680,680
074/070,ゼラオラV,8980,8980,8980
075/070,こくばバドレックスV,780,780,780
076/070,こくばバドレックスV,3980,3980,3980
077/070,メタグロスV,680,680,680
078/070,ハピナスV,680,680,680
079/070,ハピナスV,2980,2980,2980
080/070,カトレア,19800,19800,19800
081/070,キクコ,420,420,420
082/070,シャクヤ,3480,3480,3480
083/070,ズミ,420,420,420
071/070,バシャーモV,680,680,680
072/070,パッチラゴンV,680,680,680
073/070,ガラルフリーザーV,980,980,980
074/070,ガラルフリーザーV,7980,7980,7980
075/070,ガラルサンダーV,680,680,680
076/070,ガラルサンダーV,6980,6980,6980
077/070,ガラルファイヤーV,1480,1480,1480
078/070,ガラルファイヤーV,39800,39800,39800
079/070,ガラルヤドキングV,780,780,780
080/070,ガラルヤドキングV,6980,6980,6980
081/070,カリンの信念,3480,3480,3480
082/070,クララ,19800,19800,19800
083/070,セイボリー,1280,1280,1280
084/070,トウキ,500,500,500
071/070,アップリューV,500,500,500
072/070,カプ・コケコV,500,500,500
073/070,ミミッキュV,980,980,980
074/070,いちげきウーラオスV,680,680,680
075/070,いちげきウーラオスV,3480,3480,3480
076/070,バンギラスV,1280,1280,1280
077/070,バンギラスV,34800,34800,34800
078/070,ムーランドV,500,500,500
079/070,シバ,580,580,580
080/070,フヨウ,4980,4980,4980
081/070,マスタード いちげきのかた,420,420,420
071/070,コロトックV,500,500,500
072/070,ビクティニV,500,500,500
073/070,エンペルトV,500,500,500
074/070,エンペルトV,7980,7980,7980
075/070,ネクロズマV,500,500,500
076/070,れんげきウーラオスV,680,680,680
077/070,れんげきウーラオスV,2480,2480,2480
078/070,アーマーガアV,500,500,500
079/070,コルニの気合い,5980,5980,5980
080/070,マスタード れんげきのかた,420,420,420
081/070,モミ,6980,6980,6980
191/190,ウカッツ,500,500,500
192/190,ジムトレーナー,420,420,420
193/190,とりつかい,680,680,680
194/190,ネズ,420,420,420
195/190,フウロ,5980,5980,5980
196/190,ボールガイ,980,980,980
197/190,ポケモンごっこ,2980,2980,2980
198/190,マリィ,24800,24800,24800
199/190,ローズ,420,420,420
101/100,イオルブV,680,680,680
102/100,ファイアローV,680,680,680
103/100,ガラルヒヒダルマV,680,680,680
104/100,ピカチュウV,3480,3480,3480
105/100,フーディンV,680,680,680
106/100,ガラルネギガナイトV,680,680,680
107/100,ドラピオンV,580,580,580
108/100,ギルガルドV,680,680,680
109/100,サイトウ,5980,5980,5980
110/100,ダンデ,1280,1280,1280
111/100,ルリナ,8980,8980,8980
077/076,ザルードV,680,680,680
078/076,デンリュウV,680,680,680
079/076,マホイップV,980,980,980
080/076,セキタンザンV,680,680,680
081/076,ハガネールV,680,680,680
082/076,トゲキッスV,680,680,680
083/076,おとなのおねえさん,1980,1980,1980
084/076,オニオン,2980,2980,2980
085/076,ポプラ,680,680,680
101/100,ヘルガーV,780,780,780
102/100,カジリガメV,680,680,680
103/100,ガラルサニゴーンV,680,680,680
104/100,ドサイドンV,680,680,680
105/100,クロバットV,780,780,780
106/100,ムゲンダイナV,680,680,680
107/100,ハッサムV,680,680,680
108/100,ボーマンダV,680,680,680
109/100,ネズ,1280,1280,1280
110/100,ローズ,680,680,680
071/070,バタフリーV,680,680,680
072/070,マルヤクデV,680,680,680
073/070,クワガノンV,1780,1780,1780
074/070,サーナイトV,1280,1280,1280
075/070,オトスパスV,680,680,680
076/070,ガラルマッギョV,680,680,680
077/070,カブ,1280,1280,1280
078/070,ポケモンブリーダーの育成,1780,1780,1780
097/096,ワタシラガV,680,680,680
098/096,キュウコンV,980,980,980
099/096,ミロカロスV,780,780,780
100/096,ストリンダーV,680,680,680
101/096,ドラパルトV,680,680,680
102/096,タイレーツV,680,680,680
103/096,カラマネロV,680,680,680
104/096,ダイオウドウV,680,680,680
105/096,オリーヴ,1980,1980,1980
106/096,ボスの指令[サカキ],19800,19800,19800
071/070,ゴリランダーV,500,500,500
072/070,エースバーンV,680,680,680
073/070,インテレオンV,680,680,680
074/070,パルスワンV,500,500,500
075/070,サダイジャV,500,500,500
076/070,バイウールーV,500,500,500
077/070,ソニア,34800,34800,34800
078/070,ヤロー,580,580,580
061/060,ダダリンV,500,500,500
062/060,ラプラスV,680,680,680
063/060,ソーナンスV,680,680,680
064/060,イシヘンジンV,500,500,500
065/060,ザシアンV,780,780,780
066/060,ウッウV,500,500,500
067/060,博士の研究[マグノリア博士],1780,1780,1780
068/060,ビート,1980,1980,1980
061/060,コータスV,500,500,500
062/060,モルペコV,680,680,680
063/060,イエッサンV,500,500,500
064/060,ヤミラミV,580,580,580
065/060,ザマゼンタV,500,500,500
066/060,カビゴンV,980,980,980
067/060,エール団のしたっぱ,580,580,580
068/060,マリィ,79800,79800,79800
174/173,ヨワシGX,500,500,500
175/173,デデンネGX,9980,9980,9980
176/173,エーフィ＆デオキシスGX,3980,3980,3980
177/173,エーフィ＆デオキシスGX,29800,29800,29800
178/173,オーロット＆ヨノワールGX,1280,1280,1280
179/173,オーロット＆ヨノワールGX,4980,4980,4980
180/173,ジラーチGX,1280,1280,1280
181/173,ブラッキー＆ダークライGX,7980,7980,7980
182/173,ブラッキー＆ダークライGX,69800,69800,69800
183/173,マニューラGX,680,680,680
184/173,メルメタルGX,500,500,500
185/173,トゲピー＆ピィ＆ププリンGX,3480,3480,3480
186/173,トゲピー＆ピィ＆ププリンGX,39800,39800,39800
187/173,イーブイGX,5980,5980,5980
188/173,イーブイGX,29800,29800,29800
189/173,イツキ,1480,1480,1480
190/173,エリカのおもてなし,89800,89800,89800
191/173,カスミ＆カンナ,34800,34800,34800
192/173,かんこうきゃく,128000,128000,128000
193/173,グリーンの戦略,29800,29800,29800
194/173,ジュジュベ＆ハチクマン,2480,2480,2480
195/173,ハプウ,1280,1280,1280
196/173,ブルーの探索,59800,59800,59800
197/173,ホミカ,8980,8980,8980
198/173,マツリカ,9980,9980,9980
199/173,ヤーコン,680,680,680
200/173,溶接工,980,980,980
201/173,レッドの挑戦,29800,29800,29800
202/173,基本草エネルギー,680,680,680
203/173,基本炎エネルギー,680,680,680
204/173,基本水エネルギー,680,680,680
205/173,基本雷エネルギー,680,680,680
206/173,基本超エネルギー,680,680,680
207/173,基本闘エネルギー,320,320,320
208/173,基本悪エネルギー,680,680,680
209/173,基本鋼エネルギー,680,680,680
210/173,基本フェアリーエネルギー,220,220,220
096/095,ウルガモスGX,500,500,500
124/100,ボルケニオンex,1980,1980,1980
125/100,ナンジャモのハラバリーex,44800,44800,44800
126/100,リーリエのピッピex,89800,89800,79800
127/100,Nのゾロアークex,24800,24800,19800
128/100,ホップのザシアンex,7980,7980,6980
129/100,ボーマンダex,7980,7980,6980
200/187,リーフィアex,7980,7980,7980
201/187,オーガポンみどりのめんex,780,780,780
202/187,ブースターex,6980,6980,6980
203/187,ソウブレイズex,3480,3480,3980
204/187,オーガポンかまどのめんex,500,500,500
205/187,シャワーズex,6980,6980,6980
206/187,グレイシアex,7980,7980,7980
207/187,イルカマンex,3480,3480,3480
208/187,オーガポンいどのめんex,500,500,500
209/187,サンダースex,6980,6980,6980
210/187,テツノカイナex,680,680,680
211/187,エーフィex,10800,10800,9980
212/187,ニンフィアex,19800,19800,19800
213/187,テツノブジンex,780,780,780
214/187,テツノカシラex,680,680,680
215/187,スナノケガワex,500,500,500
216/187,オーガポンいしずえのめんex,500,500,500
217/187,ブラッキーex,59800,59800,59800
218/187,トドロクツキex,3480,3480,3480
219/187,モモワロウex,680,680,680
220/187,サーフゴーex,1280,1280,1280
221/187,ドラパルトex,1780,1780,1980
222/187,タケルライコex,1980,1980,1980
223/187,イーブイex,5980,5980,5980
224/187,イーブイex,6980,6980,6980
225/187,ガチグマアカツキex,1280,1280,1280
226/187,テラパゴスex,980,980,980
227/187,アカマツ,1280,1280,1280
228/187,アンズの秘技,980,980,980
229/187,カキツバタ,780,780,780
230/187,スグリ,1780,1780,1780
231/187,タロ,1780,1780,1780
232/187,ネリネ,780,780,780
130/106,アイアントex,1480,1480,1480
131/106,ミロカロスex,7980,7980,7980
132/106,ピカチュウex,49800,49800,49800
133/106,サザンドラex,6980,6980,6980
134/106,シトロンの機転,1280,1280,1280
135/106,ミカンのまなざし,5980,5980,5980
087/064,ラティアスex,17800,17800,17800
088/064,ブリジュラスex,2980,2980,2980
089/064,アローラナッシーex,3980,3980,3980
090/064,カキツバタ,1280,1280,1280
091/064,ルチアのアピール,34800,34800,34800
127/102,カミツオロチex,2980,2980,2980
128/102,デンチュラex,2480,2480,2480
129/102,バウッツェルex,1980,1980,1980
130/102,テラパゴスex,7980,7980,7980
131/102,タロ,14800,14800,14800
132/102,ブライア,3480,3480,3480
087/064,イイネイヌex,1280,1280,1280
088/064,マシマシラex,1280,1280,1280
089/064,キチキギスex,6980,6980,6980
090/064,モモワロウex,1480,1480,1480
091/064,カシオペア,4980,4980,4980
125/101,オーガポンみどりのめんex,3480,3480,3480
126/101,オーガポンかまどのめんex,980,980,980
127/101,オーガポンいどのめんex,1480,1480,1480
128/101,オーガポンいしずえのめんex,1480,1480,1480
129/101,スグリ,4480,4480,4480
130/101,ゼイユ,29800,29800,29800
089/066,ヤバソチャex,1980,1980,1980
090/066,ゲッコウガex,29800,29800,29800
091/066,ガチグマアカツキex,3980,3980,3480
092/066,サザレ,12800,12800,12800
093/066,スイレンのお世話,5980,5980,5980
093/071,ウガツホムラex,2980,2980,2980
094/071,ウネルミナモex,3980,3980,3980
095/071,タケルライコex,6980,6980,6980
096/071,ビワ,1980,1980,1980
097/071,マツバの確信,4980,4980,4980
093/071,テツノイサハex,2980,2980,2980
094/071,テツノカシラex,3480,3480,3480
095/071,テツノイワオex,1280,1280,1280
096/071,セイジ,980,980,980
097/071,ベルのまごころ,7980,7980,7980
347/190,ミュウex,19800,19800,19800
348/190,サーナイトex,9980,9980,9980
349/190,リザードンex,24800,24800,24800
350/190,ナンジャモ,19800,19800,19800
351/190,ネモ,1280,1280,1280
352/190,ネルケ,1280,1280,1280
353/190,ペパー,3980,3980,3980
354/190,ボタン,3480,3480,3480
088/066,グソクムシャex,1280,1280,1280
089/066,スナノケガワex,1280,1280,1280
090/066,トドロクツキex,6980,6980,6980
091/066,オーリム博士の気迫,4480,4480,4480
092/066,メロコ,2980,2980,2980
088/066,テツノカイナex,2980,2980,2980
089/066,テツノブジンex,3980,3980,3980
090/066,チルタリスex,4980,4980,4980
091/066,フトゥー博士のシナリオ,2480,2480,2480
092/066,リップ,2480,2480,2480
085/062,ガブリアスex,4980,4980,4980
086/062,カプ・コケコex,1980,1980,1980
087/062,サーフゴーex,4980,4980,4980
088/062,チリ,4980,4980,4980
089/062,パラソルおねえさん,9980,9980,9980
133/108,コオリッポex,980,980,980
134/108,リザードンex,24800,24800,24800
135/108,ブロロロームex,980,980,980
136/108,ピジョットex,3480,3480,3480
137/108,オモダカ,1480,1480,1480
138/108,ポピー,1780,1780,1780
200/165,フシギバナex,7980,7980,7980
201/165,リザードンex,29800,29800,29800
202/165,カメックスex,7980,7980,7980
203/165,フーディンex,4480,4480,4480
204/165,サンダーex,7980,7980,7980
205/165,ミュウex,14800,14800,14800
206/165,エリカの招待,10800,10800,10800
207/165,サカキのカリスマ,2480,2480,2480
092/071,チオンジェンex,1480,1480,1480
093/071,パオジアンex,4980,4980,4980
094/071,イキリンコex,4980,4980,4980
095/071,グルーシャ,5980,5980,5980
096/071,ピーニャ,980,980,980
092/071,イーユイex,1780,1780,1780
093/071,デカヌチャンex,2480,2480,2480
094/071,ディンルーex,980,980,980
095/071,サワロ,980,980,980
096/071,ナンジャモ,79800,79800,79800
096/073,マスカーニャex,6980,6980,6980
097/073,ラウドボーンex,3480,3480,3480
098/073,ウェーニバルex,2480,2480,2480
099/073,キハダ,19800,19800,19800
100/073,ボスの指令[ゲーチス],3980,3980,3980
101/078,サーナイトex,17800,17800,17800
102/078,イダイナキバex,1280,1280,1280
103/078,コライドンex,5980,5980,5980
104/078,ジニア,1980,1980,1980
105/078,ボタン,3980,3980,3980
101/078,ワナイダーex,980,980,980
102/078,ミライドンex,6980,6980,6980
103/078,テツノワダチex,980,980,980
104/078,ペパー,3480,3480,3480
105/078,ミモザ,24800,24800,24800
210/172,リーフィアVSTAR,3480,3480,3480
211/172,リザードンV,3480,3480,3480
212/172,リザードンVSTAR,6980,6980,6980
213/172,エンテイV,1980,1980,1980
214/172,バオッキーVSTAR,1780,1780,1780
215/172,スイクンV,2980,2980,2980
216/172,ネオラントV,1280,1280,1280
217/172,グレイシアVSTAR,3480,3480,3480
218/172,ライコウV,2480,2480,2480
219/172,ゼラオラVMAX,1280,1280,1280
220/172,ゼラオラVSTAR,1280,1280,1280
221/172,ミュウツーVSTAR,5980,5980,5980
222/172,デオキシスVMAX,1280,1280,1280
223/172,デオキシスVSTAR,1280,1280,1280
224/172,ブリムオンVMAX,680,680,680
225/172,ザシアンV,1280,1280,1280
226/172,ルカリオVSTAR,1280,1280,1280
227/172,ドラピオンV,500,500,500
228/172,ダークライVSTAR,1780,1780,1780
229/172,ヒスイダイケンキV,780,780,780
230/172,ヒスイダイケンキVSTAR,680,680,680
231/172,フーパV,500,500,500
232/172,ザマゼンタV,780,780,780
233/172,レジギガスVSTAR,780,780,780
234/172,ヒスイゾロアークVSTAR,1780,1780,1780
235/172,アクロマの実験,780,780,780
236/172,カイ,7980,7980,7980
237/172,キバナ,1480,1480,1480
238/172,ザクロ,980,980,980
239/172,シロナの覇気,4980,4980,4980
240/172,セキ,980,980,980
241/172,チェレンの気くばり,780,780,780
242/172,ツツジ,1480,1480,1480
243/172,ナタネの活気,1980,1980,1980
244/172,メロン,1280,1280,1280
084/068,ジャローダV,4480,4480,4480
085/068,クチートV,1780,1780,1780
088/071,ラブトロスV,1280,1280,1280
089/071,エルレイドV,1280,1280,1280
083/067,スターミーV,12800,12800,12800
084/067,ガブリアスV,6980,6980,6980
213/184,コロトックV,500,500,500
214/184,イオルブV,500,500,500
215/184,イオルブVMAX,780,780,780
216/184,バシャーモV,1280,1280,1280
217/184,バシャーモVMAX,1780,1780,1780
218/184,マルヤクデV,500,500,500
219/184,マルヤクデVMAX,500,500,500
220/184,はくばバドレックスV,500,500,500
221/184,はくばバドレックスVMAX,680,680,680
222/184,ピカチュウV,4980,4980,4980
223/184,ピカチュウVMAX,9980,9980,9980
224/184,ゼラオラV,980,980,980
225/184,パルスワンV,500,500,500
226/184,モルペコV-UNION(左上),500,500,500
227/184,モルペコV-UNION(右上),880,880,880
228/184,モルペコV-UNION(左下),500,500,500
229/184,モルペコV-UNION(右下),500,500,500
230/184,ガラルフリーザーV,980,980,980
231/184,ニンフィアV,3480,3480,3480
232/184,ニンフィアVMAX,5980,5980,5980
233/184,ミミッキュV,2980,2980,2980
234/184,ミミッキュVMAX,5980,5980,5980
235/184,こくばバドレックスV,580,580,580
236/184,こくばバドレックスVMAX,680,680,680
237/184,ガラルサンダーV,980,980,980
238/184,いちげきウーラオスV,500,500,500
239/184,いちげきウーラオスVMAX,680,680,680
240/184,れんげきウーラオスV,500,500,500
241/184,れんげきウーラオスVMAX,580,580,580
242/184,ガラルファイヤーV,1280,1280,1280
243/184,クロバットV,680,680,680
244/184,ブラッキーV,4980,4980,4980
245/184,ブラッキーVMAX,7980,7980,7980
246/184,ムゲンダイナV,500,500,500
247/184,ムゲンダイナVMAX,980,980,980
248/184,アーマーガアV,500,500,500
249/184,アーマーガアVMAX,780,780,780
250/184,ザシアンV,680,680,680
251/184,ザマゼンタV,500,500,500
252/184,レックウザVMAX,4980,4980,4980
253/184,ジュラルドンVMAX,680,680,680
254/184,ハピナスV,780,780,780
320/190,フォレトスex,220,220,220
321/190,マスカーニャex,320,320,320
322/190,リククラゲex,220,220,220
323/190,クエスパトラex,220,220,220
324/190,ラウドボーンex,220,220,220
325/190,ウェーニバルex,220,220,220
326/190,フーディンex,320,320,320
327/190,ミュウex,1480,1480,1480
328/190,サーナイトex,420,420,420
329/190,キラフロルex,220,220,220
330/190,イダイナキバex,220,220,220
331/190,リザードンex,1780,1780,1780
332/190,パルデアドオーex,220,220,220
333/190,テツノワダチex,220,220,220
334/190,オンバーンex,220,220,220
335/190,ピジョットex,320,320,320
336/190,プクリンex,220,220,220
337/190,イキリンコex,320,320,320
304/190,ゴリランダーV,420,420,420
305/190,ゴリランダーVMAX,420,420,420
306/190,ワタシラガV,420,420,420
307/190,リザードンV,12800,12800,12800
308/190,リザードンVMAX,17800,17800,17800
309/190,マルヤクデV,320,320,320
310/190,マルヤクデVMAX,420,420,420
311/190,ラプラスV,500,500,500
312/190,ラプラスVMAX,680,680,680
313/190,パルスワンV,420,420,420
314/190,ストリンダーV,420,420,420
315/190,ストリンダーVMAX,420,420,420
316/190,イエッサンV,320,320,320
317/190,ドラパルトV,420,420,420
318/190,ドラパルトVMAX,420,420,420
319/190,タイレーツV,420,420,420
320/190,クロバットVMAX,420,420,420
321/190,オーロンゲV,420,420,420
322/190,オーロンゲVMAX,420,420,420
323/190,メタモンV,680,680,680
324/190,メタモンVMAX,680,680,680
325/190,バイウールーV,420,420,420
326/190,ウッウV,420,420,420
206/150,リーフィアGX,9980,9980,9980
207/150,ジュナイパーGX,1280,1280,1280
208/150,グソクムシャGX,980,980,980
209/150,リザードンGX,148000,148000,148000
210/150,ホウオウGX,4980,4980,4980
211/150,レシラムGX,3980,3980,3980
212/150,バクガメスGX,980,980,980
213/150,アローラキュウコンGX,1780,1780,1780
214/150,フリーザーGX,4980,4980,4980
215/150,グレイシアGX,7980,7980,7980
216/150,ゲッコウガGX,12800,12800,12800
217/150,マルマインGX,2980,2980,2980
218/150,デンジュモクGX,980,980,980
219/150,ミュウツーGX,14800,14800,14800
220/150,エーフィGX,14800,14800,14800
221/150,ジュペッタGX,1280,1280,1280
222/150,ウツロイドGX,1780,1780,1780
223/150,アーゴヨンGX,780,780,780
224/150,ルカリオGX,9980,9980,9980
225/150,ジガルデGX,980,980,980
226/150,ルガルガンGX,1280,1280,1280
227/150,ルガルガンGX,780,780,780
228/150,マッシブーンGX,980,980,980
229/150,ブラッキーGX,69800,69800,69800
230/150,ダークライGX,6980,6980,6980
231/150,ゾロアークGX,1980,1980,1980
232/150,アクジキングGX,1280,1280,1280
233/150,ハッサムGX,3480,3480,3480
234/150,メタグロスGX,1480,1480,1480
235/150,カミツルギGX,680,680,680
236/150,ツンデツンデGX,980,980,980
237/150,サーナイトGX,4980,4980,4980
238/150,ニンフィアGX,19800,19800,19800
239/150,チルタリスGX,2480,2480,2480
240/150,レックウザGX,34800,34800,34800
241/150,オンバーンGX,1780,1780,1780
242/150,シルヴァディGX,1280,1280,1280
243/150,ジジーロンGX,780,780,780
201/SV-P,シャリタツ,780,780,780
202/SV-P,基本草エネルギー,680,680,680
203/SV-P,基本炎エネルギー,680,680,680
204/SV-P,基本水エネルギー,680,680,680
205/SV-P,基本雷エネルギー,680,680,680
206/SV-P,基本超エネルギー,680,680,680
207/SV-P,基本闘エネルギー,500,500,500
208/SV-P,基本悪エネルギー,680,680,680
209/SV-P,基本鋼エネルギー,680,680,680
210/SV-P,ハッサムex,1780,1780,1780
211/SV-P,改造ハンマー,9980,9980,9980
213/SV-P,ニャオハ,120,120,120
214/SV-P,ホゲータ,120,120,120
215/SV-P,クワッス,120,120,120
216/SV-P,ピカチュウ,220,220,220
217/SV-P,パモ,120,120,120
218/SV-P,ピカチュウ,1980,1980,1980
232/SV-P,ナンジャモのカイデン,2980,2980,2980
101/SV-P,基本炎エネルギー,780,780,780
102/SV-P,基本水エネルギー,780,780,780
103/SV-P,基本雷エネルギー,780,780,780
104/SV-P,基本超エネルギー,780,780,780
105/SV-P,基本闘エネルギー,780,780,780
106/SV-P,基本悪エネルギー,780,780,780
107/SV-P,基本鋼エネルギー,780,780,780
108/SV-P,サンダーex,3980,3980,3980
109/SV-P,まけんきハチマキ,14800,14800,14800
110/SV-P,おいわいファンファーレ,12800,12800,12800
111/SV-P,バオップ,80,80,80
112/SV-P,タッツー,120,120,120
113/SV-P,デスマス,80,80,80
114/SV-P,デカヌチャン,120,120,120
115/SV-P,キョジオーンex,220,220,220
116/SV-P,ポリゴン2,80,80,80
117/SV-P,レホール,220,220,220
118/SV-P,ポピー,220,220,220
119/SV-P,ラティアス,1280,1280,1280
120/SV-P,ピカチュウ,320,320,320
121/SV-P,ウパー,120,120,120
122/SV-P,ヌオー,120,120,120
123/SV-P,クレッフィ,120,120,120
124/SV-P,カラミンゴex,120,120,120
125/SV-P,ネストボール,420,420,420
126/SV-P,ポケモンいれかえ,120,120,120
127/SV-P,タイム,120,120,120
128/SV-P,チリ,180,180,180
129/SV-P,パチリス,680,680,680
130/SV-P,キバナ,180,180,180
131/SV-P,ソーナンス,180,180,180
132/SV-P,ダストダス,220,220,220
133/SV-P,カプ・テテフGX,180,180,180
134/SV-P,カイリューEX,680,680,680
135/SV-P,トレーナーズポスト,780,780,780
136/SV-P,バトルコンプレッサー(フレア団ギア),980,980,980
137/SV-P,バトルサーチャー,680,680,680
138/SV-P,かるいし,500,500,500
139/SV-P,ミツル,420,420,420
140/SV-P,サイレントラボ,220,220,220
141/SV-P,スカイフィールド,320,320,320
142/SV-P,ダブルドラゴンエネルギー,500,500,500
143/SV-P,エネルギーシール,180,180,180
144/SV-P,スナッチアーム,320,320,320
145/SV-P,勇気のおまもり,420,420,420
146/SV-P,ワザマシン エヴォリューション,500,500,500
147/SV-P,マツバの確信,180,180,180
148/SV-P,オーガポンみどりのめん,180,180,220
149/SV-P,鬼の仮面,80,80,80
150/SV-P,なかよしポフィン,420,420,420
151/SV-P,ミライドン,180,180,180
152/SV-P,コライドン,180,180,180
153/SV-P,ネモ,180,180,180
154/SV-P,ネモ,180,180,180
155/SV-P,タイカイデンex,320,320,320
156/SV-P,ミミッキュ,120,120,120
157/SV-P,ズルッグ,120,120,120
158/SV-P,ズルズキン,120,120,120
159/SV-P,ふしぎなアメ,180,180,180
160/SV-P,ロトりぼう,500,500,500
161/SV-P,ナンジャモ,320,320,320
162/SV-P,ザルード,780,780,780
163/SV-P,ヤンヤンマ,80,80,80
164/SV-P,メガヤンマ,80,80,80
165/SV-P,ミガルーサex,120,120,120
166/SV-P,メタモン,120,120,120
167/SV-P,すごいつりざお,220,220,220
168/SV-P,博士の研究[オーリム博士],120,120,120
169/SV-P,博士の研究[フトゥー博士],120,120,120
170/SV-P,ビリオとネア,180,180,180
171/SV-P,ゼイユ,980,980,980
172/SV-P,ガルーラ,320,320,320
173/SV-P,ヨルノズク,180,180,180
174/SV-P,おいわいファンファーレ,6980,6980,6980
175/SV-P,基本草エネルギー,320,320,320
176/SV-P,基本炎エネルギー,420,420,420
177/SV-P,基本水エネルギー,320,320,320
178/SV-P,基本雷エネルギー,500,500,500
179/SV-P,基本超エネルギー,420,420,420
180/SV-P,基本闘エネルギー,320,320,320
181/SV-P,基本悪エネルギー,320,320,320
182/SV-P,基本鋼エネルギー,420,420,420
183/SV-P,アローラナッシーex,980,980,980
184/SV-P,ベラカスex,320,320,320
185/SV-P,テツノツツミ,80,80,80
186/SV-P,ヒポポタス,120,120,120
187/SV-P,カバルドン,120,120,120
188/SV-P,ボスの指令[ゲーチス],120,120,120
189/SV-P,わざマシンマシン,500,500,500
190/SV-P,ジェットエネルギー,120,120,120
191/SV-P,アカマツ,780,780,780
192/SV-P,ニャース,2480,2480,2480
193/SV-P,パルデアウパー,1480,1480,1480
194/SV-P,スイクン,180,180,180
195/SV-P,ジュラルドン,500,500,500
196/SV-P,イーブイ,420,420,420
197/SV-P,ピカチュウ,220,220,220
199/SV-P,リーリエのキュワワー,1280,1280,1280
200/SV-P,Nのゾロア,1280,1280,1280
001/SV-P,ピカチュウ,780,780,780
002/SV-P,ワナイダー,80,80,80
003/SV-P,ウインディ,120,120,120
004/SV-P,ヘイラッシャ,80,80,80
005/SV-P,ミライドン,80,80,80
006/SV-P,クエスパトラ,80,80,80
007/SV-P,コライドン,80,80,80
008/SV-P,パフュートン,80,80,80
009/SV-P,モトトカゲex,80,80,80
010/SV-P,モンスターボール,180,180,180
011/SV-P,ポケモンいれかえ,180,180,180
012/SV-P,ネモ,180,180,180
013/SV-P,ロトム,180,180,180
014/SV-P,クラッシュハンマー,320,320,320
015/SV-P,ネストボール,500,500,500
016/SV-P,ふしぎなアメ,180,180,180
017/SV-P,ポケモンいれかえ,180,180,180
018/SV-P,学習装置,220,220,220
019/SV-P,げんきのハチマキ,220,220,220
020/SV-P,ジニア,420,420,420
021/SV-P,博士の研究[オーリム博士],320,320,320
022/SV-P,博士の研究[フトゥー博士],180,180,180
023/SV-P,ミニーブ,80,80,80
024/SV-P,ガーディ,80,80,80
025/SV-P,モココ,80,80,80
026/SV-P,ハカドッグ,80,80,80
027/SV-P,ガケガニex,420,420,420
028/SV-P,ブロロン,80,80,80
029/SV-P,コルサ,120,120,120
030/SV-P,ペパー,1980,1980,1980
031/SV-P,イーブイ,180,180,180
032/SV-P,イーブイ,980,980,980
033/SV-P,イーブイ,5980,5980,5980
034/SV-P,ルチャブル,80,80,80
035/SV-P,パモ,1280,1280,1280
036/SV-P,カルボウ,320,320,320
037/SV-P,基本草エネルギー,500,500,500
038/SV-P,基本炎エネルギー,500,500,500
039/SV-P,基本水エネルギー,500,500,500
040/SV-P,基本雷エネルギー,500,500,500
041/SV-P,基本超エネルギー,500,500,500
042/SV-P,基本闘エネルギー,500,500,500
043/SV-P,基本悪エネルギー,500,500,500
044/SV-P,基本鋼エネルギー,500,500,500
045/SV-P,ふしぎなアメ,180,180,180
046/SV-P,ネモ,120,120,120
047/SV-P,ネモ,120,120,120
048/SV-P,ミライドン,24800,24800,24800
049/SV-P,コライドン,12800,12800,12800
050/SV-P,クヌギダマ,80,80,80
051/SV-P,セゴール,80,80,80
052/SV-P,ハラバリー,80,80,80
053/SV-P,ヤバチャ,80,80,80
054/SV-P,ドジョッチ,80,80,80
055/SV-P,マフィティフex,120,120,120
056/SV-P,シュウメイ,680,680,680
057/SV-P,ボタン,500,500,500
058/SV-P,ハルクジラ,220,220,220
059/SV-P,フシギダネ,180,180,180
060/SV-P,ヒトカゲ,500,500,500
061/SV-P,ゼニガメ,120,120,120
062/SV-P,イーブイ,4980,4980,4980
063/SV-P,シャワーズ,4980,4980,4980
064/SV-P,サンダース,4980,4980,4980
065/SV-P,ブースター,4980,4980,4980
066/SV-P,エーフィ,4980,4980,4980
067/SV-P,ブラッキー,7980,7980,7980
068/SV-P,リーフィア,4980,4980,4980
069/SV-P,グレイシア,4980,4980,4980
070/SV-P,ニンフィア,4980,4980,4980
071/SV-P,モクロー,980,980,980
072/SV-P,カルボウ,680,680,680
073/SV-P,ケロマツ,1280,1280,1280
074/SV-P,ピカチュウ,2480,2480,2480
075/SV-P,ピッピ,780,780,780
076/SV-P,リオル,780,780,780
077/SV-P,デルビル,680,680,680
078/SV-P,メルタン,580,580,580
079/SV-P,基本草エネルギー,500,500,500
080/SV-P,基本炎エネルギー,500,500,500
081/SV-P,基本水エネルギー,500,500,500
082/SV-P,基本雷エネルギー,500,500,500
083/SV-P,基本超エネルギー,500,500,500
084/SV-P,基本闘エネルギー,500,500,500
085/SV-P,基本悪エネルギー,500,500,500
086/SV-P,基本鋼エネルギー,500,500,500
087/SV-P,シルシュルー,120,120,120
088/SV-P,タギングルex,220,220,220
089/SV-P,スコヴィランex,220,220,220
090/SV-P,キバニア,80,80,80
091/SV-P,エレズン,80,80,80
092/SV-P,ピィ,120,120,120
093/SV-P,サナギラス,80,80,80
094/SV-P,ブロロローム,80,80,80
095/SV-P,月明かりの丘,80,80,80
096/SV-P,グルーシャ,320,320,320
097/SV-P,モトトカゲ,980,980,980
098/SV-P,名探偵ピカチュウ,3480,3480,3480
099/SV-P,コレクレー,500,500,500
100/SV-P,基本草エネルギー,780,780,780
001/025,リザードン,29800,29800,29800
002/025,フシギバナ,4980,4980,4980
003/025,カメックス,6980,6980,6980
004/025,にせオーキドはかせ,320,320,320
005/025,わるいギャラドス,1980,1980,1980
006/025,ロケット団参上!,1980,1980,1980
007/025,＿のピカチュウ,19800,19800,19800
008/025,R団のサンダー,1280,1280,1280
009/025,ピィ,680,680,680
010/025,ひかるコイキング,6980,6980,6980
011/025,マグマ団のグラードン,980,980,980
012/025,ブラッキー☆,14800,14800,14800
013/025,ロケット団の幹部,420,420,420
014/025,ミュウex,2980,2980,2980
015/025,サーナイトex δ-デルタ種,780,780,780
016/025,ネンドール,220,220,220
017/025,レントラーGL LV.X,500,500,500
018/025,ガブリアスC LV.X,980,980,980
019/025,ドンファン,220,220,220
020/025,レシラム,4980,4980,4980
021/025,ゼクロム,4980,4980,4980
022/025,ミュウツーEX,1980,1980,1980
023/025,ゼルネアスEX,420,420,420
024/025,MレックウザEX,2480,2480,2480
025/025,カプ・テテフGX,420,420,420
301/S-P,シマボシ,500,500,500
302/S-P,アブソル,1280,1280,1280
303/S-P,ジュン,320,320,320
304/S-P,ルカリオV,29800,29800,29800
305/S-P,ルカリオVSTAR,128000,128000,128000
306/S-P,おいわいファンファーレ(2022),12800,12800,12800
307/S-P,ヒスイビリリダマ,180,180,180
308/S-P,ヒスイバクフーンV,2480,2480,2480
309/S-P,エネくじ,5980,5980,5980
310/S-P,ポニータ,120,120,120
311/S-P,ヌオーV,320,320,320
312/S-P,ダブラン,120,120,120
313/S-P,ヤンチャム,120,120,120
314/S-P,ガラルニャース,80,80,80
315/S-P,プテラ,80,80,80
316/S-P,やすらぎの公園,80,80,80
317/S-P,ネジキ,320,320,320
318/S-P,ヒスイウォーグル,980,980,980
319/S-P,レジエレキV,680,680,680
320/S-P,アンノーンV,420,420,420
321/S-P,レジドラゴV,980,980,980
322/S-P,ルギアV,5980,5980,5980
323/S-P,ピカチュウ,24800,24800,24800
324/S-P,ルギアV,500,500,500
325/S-P,ルギアVSTAR,1280,1280,1280
326/S-P,シェイミ,120,120,120
327/S-P,アーケオス,220,220,220
328/S-P,ダブルターボエネルギー,120,120,120
329/S-P,基本草エネルギー,500,500,500
330/S-P,基本炎エネルギー,680,680,680
331/S-P,基本水エネルギー,980,980,980
332/S-P,基本雷エネルギー,680,680,680
333/S-P,基本超エネルギー,680,680,680
334/S-P,基本闘エネルギー,500,500,500
335/S-P,基本悪エネルギー,680,680,680
336/S-P,基本鋼エネルギー,680,680,680
337/S-P,フシギダネ,780,780,780
338/S-P,ウインディ,500,500,500
339/S-P,ゲッコウガ,420,420,420
340/S-P,マリィ,500,500,500
341/S-P,タマタマ,680,680,680
342/S-P,デデンネGX,420,420,420
343/S-P,ミュウ,780,780,780
344/S-P,トレーナーズポスト,980,980,980
345/S-P,バトルコンプレッサー（フレア団ギア）,980,980,980
346/S-P,バトルサーチャー,780,780,780
347/S-P,かるいし,680,680,680
348/S-P,サイレントラボ,220,220,220
349/S-P,ダウジングマシン,500,500,500
350/S-P,パソコン通信,980,980,980
208/S-P,ピカチュウ,4480,4480,4480
209/S-P,チルタリス,120,120,120
210/S-P,レックウザV,500,500,500
211/S-P,バクガメス,80,80,80
212/S-P,ジジーロン,120,120,120
213/S-P,ジュラルドンV,220,220,220
214/S-P,いたずら好きのピチュー,980,980,980
215/S-P,リーフィア,680,680,680
216/S-P,グレイシア,680,680,680
217/S-P,ヤジロン,120,120,120
218/S-P,グレッグル,120,120,120
219/S-P,ウオノラゴンV,120,120,120
220/S-P,イーブイ,780,780,780
221/S-P,からぶりほけん,120,120,120
223/S-P,クララ,500,500,500
224/S-P,博士の研究[ウィロー博士],120,120,120
225/S-P,アップリュー,980,980,980
226/S-P,ウッウ,8980,8980,8980
227/S-P,ピカチュウ,39800,39800,39800
228/S-P,キバナ,500,500,500
229/S-P,サイトウ,1980,1980,1980
230/S-P,ダンデ,420,420,420
231/S-P,ルリナ,1980,1980,1980
232/S-P,ポッチャマ,180,180,180
234/S-P,アゴジムシ,120,120,120
235/S-P,ガラルバリコオルV,220,220,220
236/S-P,エレズン,120,120,120
237/S-P,ニンフィア,500,500,500
238/S-P,ゴローン,120,120,120
239/S-P,イーブイ,220,220,220
240/S-P,からくちスパイシーカレー,220,220,220
241/S-P,ピオニー,120,120,120
242/S-P,オドリドリ,500,500,500
243/S-P,ビクティニV(Vバレット),99800,99800,99800
243/S-P,ビクティニV(ひろがるほのお),9980,9980,9980
244/S-P,ワンパチ,1280,1280,1280
245/S-P,あなぬけのヒモ,6980,6980,6980
246/S-P,基本草エネルギー,500,500,500
247/S-P,基本炎エネルギー,980,980,980
248/S-P,基本水エネルギー,980,980,980
249/S-P,基本雷エネルギー,980,980,980
250/S-P,基本超エネルギー,980,980,980
251/S-P,基本闘エネルギー,500,500,500
252/S-P,基本悪エネルギー,980,980,980
253/S-P,基本鋼エネルギー,980,980,980
254/S-P,おいわいファンファーレ(2021),14800,14800,14800
255/S-P,ヒバニー,680,680,680
256/S-P,マオ＆スイレン,680,680,680
257/S-P,ゴウカザルV,220,220,220
258/S-P,ヘイガニ,120,120,120
259/S-P,サマヨール,120,120,120
260/S-P,リオル,120,120,120
261/S-P,マニューラ,180,180,180
262/S-P,ムックル,120,120,120
263/S-P,ゲン,120,120,120
264/S-P,キバナ,220,220,220
265/S-P,ピカチュウVMAX,980,980,980
266/S-P,レジギガス,420,420,420
267/S-P,アルセウスV,500,500,500
268/S-P,リーフィアV,220,220,220
269/S-P,リーフィアVSTAR,120,120,120
270/S-P,グレイシアV,220,220,220
271/S-P,グレイシアVSTAR,320,320,320
272/S-P,ピカチュウ,420,420,420
273/S-P,ミュウツーV,500,500,500
274/S-P,モクロー,120,120,120
275/S-P,ヒノアラシ,120,120,120
276/S-P,ミジュマル,180,180,180
277/S-P,ハイパーボール,500,500,500
278/S-P,コロボーシ,120,120,120
279/S-P,ヒスイバスラオ,120,120,120
280/S-P,トゲチック,120,120,120
281/S-P,ズガイドス,120,120,120
282/S-P,ガチグマV,220,220,220
283/S-P,コマタナ,120,120,120
284/S-P,ラベン博士,120,120,120
285/S-P,ハマナのバックアップ,680,680,680
286/S-P,マナフィ,1780,1780,1780
287/S-P,フシギダネ,120,120,120
288/S-P,アローラナッシーV,120,120,120
289/S-P,ヒトカゲ,120,120,120
290/S-P,ゼニガメ,120,120,120
291/S-P,メルメタルV,120,120,120
292/S-P,カイリューV,180,180,180
293/S-P,カイリューVSTAR,680,680,680
294/S-P,ヒマナッツ,120,120,120
295/S-P,パウワウ,120,120,120
296/S-P,カイオーガV,320,320,320
297/S-P,シビビール,120,120,120
298/S-P,ラブトロス,120,120,120
299/S-P,メタング,120,120,120
300/S-P,穴掘り兄弟,120,120,120
101/S-P,イーブイVMAX,1280,1280,1280
102/S-P,ジムトレーナー,680,680,680
103/S-P,リザードンV,178000,178000,178000
104/S-P,リザードンVMAX,498000,498000,498000
105/S-P,まるのみされたピカチュウ,29800,29800,29800
106/S-P,ココ,180,180,180
107/S-P,モルペコ,780,780,780
108/S-P,ザルードV,19800,19800,19800
109/S-P,イエッサン,1480,1480,1480
110/S-P,イオルブV,120,120,120
111/S-P,ブリムオンV,120,120,120
112/S-P,ヒトカゲ,320,320,320
113/S-P,サシカマス,120,120,120
114/S-P,サンダース,500,500,500
115/S-P,ゴマゾウ,120,120,120
116/S-P,ワルビル,120,120,120
117/S-P,イーブイ,320,320,320
118/S-P,ソッドとシルディ,120,120,120
119/S-P,ふくよかミュージシャン,1480,1480,1480
120/S-P,ローズ,120,120,120
121/S-P,ピカチュウV,500,500,500
122/S-P,ピカチュウV,580,580,580
123/S-P,ピカチュウVMAX,14800,14800,14800
124/S-P,ピカチュウ,1280,1280,1280
125/S-P,ピカチュウ,420,420,420
126/S-P,ピカチュウ,420,420,420
127/S-P,プレイヤーズセレモニー(2020),34800,34800,34800
128/S-P,博士の研究[マグノリア博士],680,680,680
129/S-P,メッソン,780,780,780
130/S-P,ヒバニー,320,320,320
131/S-P,メッソン,320,320,320
132/S-P,ピカチュウ,9980,9980,9980
133/S-P,基本水エネルギー,420,420,420
135/S-P,ガラルジグザグマ,320,320,320
136/S-P,げんきのハチマキ,14800,14800,14800
137/S-P,モルペコ,220,220,220
138/S-P,ビート,980,980,980
139/S-P,ホップ,1980,1980,1980
140/S-P,マリィ,5980,5980,5980
141/S-P,ムウマージ,120,120,120
142/S-P,ナツメ＆ハチク,320,320,320
143/S-P,リザードン,500,500,500
144/S-P,カナザワのピカチュウ,4980,4980,4980
145/S-P,ミロカロス,7980,7980,7980
146/S-P,メッソン,3980,3980,3980
147/S-P,カナザワのピカチュウ,24800,24800,24800
148/S-P,ゲノセクト,120,120,120
149/S-P,ヒードラン,120,120,120
150/S-P,スイクン,680,680,680
151/S-P,ルギア,1280,1280,1280
152/S-P,クロバットV,500,500,500
153/S-P,基本悪エネルギー,80,80,80
154/S-P,ハイド悪エネルギー,80,80,80
155/S-P,シロナ,1980,1980,1980
156/S-P,カビゴン,780,780,780
157/S-P,ミツバ,1280,1280,1280
158/S-P,チェリンボ,120,120,120
159/S-P,ポカブ,120,120,120
160/S-P,ガラルバリヤード,120,120,120
161/S-P,ブラッキー,1980,1980,1980
162/S-P,ドードリオV,120,120,120
163/S-P,イーブイ,220,220,220
164/S-P,ミツバ,180,180,180
165/S-P,ダンデ,320,320,320
166/S-P,アルセウス＆ディアルガ＆パルキアGX,1280,1280,1280
167/S-P,プレシャスボール,120,120,120
168/S-P,エースバーンV,120,120,120
169/S-P,エースバーンVMAX,120,120,120
170/S-P,ゴリランダーV,120,120,120
171/S-P,ゴリランダーVMAX,120,120,120
172/S-P,ガラルヤドン,780,780,780
173/S-P,コオリッポ,780,780,780
174/S-P,サダイジャV,680,680,680
175/S-P,セレビィV,9980,9980,9980
176/S-P,キノガッサV,220,220,220
177/S-P,ユキワラシ,120,120,120
178/S-P,シママ,120,120,120
179/S-P,エーフィ,320,320,320
180/S-P,ドガース,120,120,120
181/S-P,イーブイ,220,220,220
182/S-P,ウッウロボ,1280,1280,1280
183/S-P,モミ,680,680,680
184/S-P,エンペルトV,220,220,220
185/S-P,バンギラスV,220,220,220
186/S-P,ブースターVMAX,398000,398000,398000
187/S-P,シャワーズVMAX,498000,498000,498000
188/S-P,サンダースVMAX,498000,498000,498000
189/S-P,エーフィVMAX,34800,34800,34800
190/S-P,ポットデス,80,80,80
191/S-P,ガラル バリコオル,120,120,120
192/S-P,デデンネ,500,500,500
193/S-P,ホルビー,180,180,180
001/S-P,ピカチュウ,17800,17800,19800
002/S-P,シブヤのピカチュウ,7980,7980,12800
003/S-P,レックウザ,420,420,580
004/S-P,ウールー,120,120,120
005/S-P,ホップ,1480,1480,1480
006/S-P,ヒバニー,6980,6980,6980
007/S-P,サルノリ,6980,6980,8980
008/S-P,メッソン,6980,6980,7980
009/S-P,基本草エネルギー,420,420,420
010/S-P,基本炎エネルギー,420,420,420
011/S-P,基本水エネルギー,420,420,420
012/S-P,基本雷エネルギー,420,420,420
013/S-P,基本超エネルギー,420,420,580
014/S-P,基本闘エネルギー,420,420,320
015/S-P,基本悪エネルギー,420,420,420
016/S-P,基本鋼エネルギー,420,420,580
017/S-P,きずぐすり,220,220,420
018/S-P,なんでもなおし,220,220,420
019/S-P,モンスターボール,220,220,320
020/S-P,コオリッポV,220,220,320
021/S-P,ヒメンカ,120,120,120
022/S-P,エースバーン,220,220,220
023/S-P,マンタイン,120,120,120
024/S-P,ピカチュウ,680,680,780
025/S-P,ガラルポニータ,180,180,220
026/S-P,ヨルノズク,120,120,120
027/S-P,ビート,220,220,320
028/S-P,ニャースV,980,980,980
029/S-P,ニャースVMAX,7980,7980,7980
030/S-P,ジュラルドン,1980,1980,2480
031/S-P,ともだちてちょう,79800,79800,89800
032/S-P,モルペコ,9980,9980,12800
033/S-P,バチンウニV,9980,9980,9980
034/S-P,ヒバニー,1980,1980,1980
035/S-P,モルペコ,980,980,780
036/S-P,救助隊DXのピカチュウ,12800,12800,14800
037/S-P,ダイオウドウV,180,180,220
038/S-P,ブースター,980,980,1280
039/S-P,ルクシオ,320,320,320
040/S-P,ポットデスV,120,120,120
041/S-P,ミブリム,120,120,120
042/S-P,タンドン,120,120,120
043/S-P,ヤブクロン,120,120,120
044/S-P,イーブイ,320,320,320
045/S-P,逆境グローブ,120,120,120
046/S-P,ソニア,320,320,320
047/S-P,バチンウニ,1480,1480,1780
048/S-P,ストリンダーV,180,180,180
049/S-P,スピード雷エネルギー,120,120,120
050/S-P,メッソン,120,120,220
051/S-P,きずぐすり,120,120,120
052/S-P,ふしぎなアメ,500,500,580
053/S-P,ポケモンいれかえ,120,120,120
054/S-P,モンスターボール,120,120,120
055/S-P,げんきのハチマキ,500,500,780
056/S-P,ビート,120,120,120
057/S-P,ポケモンごっこ,120,120,320
058/S-P,ホップ,220,220,220
059/S-P,イエッサンV,9980,9980,9980
060/S-P,基本草エネルギー,500,500,680
061/S-P,基本炎エネルギー,680,680,980
062/S-P,基本水エネルギー,680,680,980
063/S-P,基本雷エネルギー,680,680,980
064/S-P,基本超エネルギー,1480,1480,1480
065/S-P,基本闘エネルギー,420,420,500
066/S-P,基本悪エネルギー,680,680,780
067/S-P,基本鋼エネルギー,580,580,780
068/S-P,モルペコ,500,500,580
069/S-P,ポケモンセンターのお姉さん,19800,19800,24800
070/S-P,フクスロー,120,120,120
071/S-P,シャワーズ,320,320,680
072/S-P,ナックラー,120,120,120
073/S-P,イトマル,120,120,120
074/S-P,ゾウドウ,120,120,120
075/S-P,イーブイ,220,220,500
076/S-P,ヨクバリスV,120,120,120
077/S-P,ウカッツ,120,120,120
078/S-P,ヤロー,120,120,120
079/S-P,ムゲンダイナV,500,500,500
080/S-P,ムゲンダイナVMAX,1980,1980,1980
081/S-P,フーパ,120,120,120
082/S-P,ガラルタチフサグマ,120,120,120
083/S-P,基本悪エネルギー,220,220,320
084/S-P,フォクスライ,780,780,780
085/S-P,エール団のしたっぱ,220,220,320
086/S-P,マリィ,500,500,500
087/S-P,グズマ＆ハラ,980,980,980
088/S-P,シロナ＆カトレア,1280,1280,1480
089/S-P,マオ＆スイレン,1280,1280,1280
090/S-P,基本草エネルギー,320,320,680
091/S-P,基本炎エネルギー,420,420,580
092/S-P,基本水エネルギー,420,420,580
093/S-P,基本雷エネルギー,420,420,500
094/S-P,基本超エネルギー,500,500,680
095/S-P,基本闘エネルギー,320,320,420
096/S-P,基本悪エネルギー,420,420,500
097/S-P,基本鋼エネルギー,320,320,420
098/S-P,基本フェアリーエネルギー,220,220,220
099/S-P,名探偵ピカチュウ,12800,12800,14800
100/S-P,イーブイ,220,220,420
S-P,チャンピオンズフェスティバル(WCS2022),99800,99800,99800
401/SM-P,アローラの仲間たち,348000,348000,398000
402/SM-P,ポケモン通信,780,780,980
403/SM-P,イーブイ,2980,2980,2980
404/SM-P,ボルケニオン,1280,1280,980
405/SM-P,ミュウツー,19800,19800,14800
406/SM-P,ともだちてちょう,79800,79800,89800
407/SM-P,漫才ごっこピカチュウ,14800,14800,12800
408/SM-P,サーナイト,980,980,1280
301/SM-P,ピッピ,320,320,320
302/SM-P,ハクリュー,220,220,220
303/SM-P,ガルーラGX,220,220,220
304/SM-P,みみなりベル,120,120,120
305/SM-P,サンダー,1480,1480,1480
306/SM-P,イーブイ,1280,1280,1280
307/SM-P,ピカチュウ,3980,3980,3980
308/SM-P,かんこうきゃく,5980,5980,5980
309/SM-P,クワガノン,120,120,120
310/SM-P,イーブイ,420,420,420
311/SM-P,ツンデツンデ,180,180,180
312/SM-P,ヒトモシ,420,420,420
313/SM-P,ニャヒート,220,220,220
314/SM-P,ムウマージ,120,120,120
315/SM-P,リオル,220,220,220
